fold,TCR,antigen,label_true,label_pred,label_prob
2,CASNWFRDNTGELFF,DYKHYTPSF,0,1,0.9943051934242249
2,CASSQDAGITYEQYF,WSMATYYLF,0,0,0.01590316742658615
2,CALDSGNTGKLI,GTSGAPIVNR,1,1,0.9995062351226807
2,CAVRPGSGNTGKLIF,NAQALNTLVKQLSSNFG,1,1,0.9999994039535522
2,CAVEGYSNYQLIW,LPFDKTTIM,1,1,0.9998903274536133
2,ALSDPVNDMR,HSKRKCDEL,1,1,0.6117345094680786
2,CAWSLQTGGGSSYEQYF,RHYRGSIALKAT,1,1,0.9725301861763
2,ASGGGRGSYAEQ,FERFEIFPK,1,1,0.9968066215515137
2,CASSLSVVSGELFF,LLEWLAMAV,0,0,0.05078009143471718
2,CASSPGLTPAEQYF,WPLVSSQCV,0,0,0.012692156247794628
2,CASSLLAGGSLDEQFF,KAAVDLSHF,1,1,0.9528545141220093
2,CASSDRDRGLLRQFF,YTACSHAAV,0,0,4.5233133278088644e-05
2,ASNENMDAM,SSSRTGGHAEQ,0,0,0.0027296049520373344
2,CASSSGQGENEQFF,LIIMRTFKV,0,0,4.7126883146120235e-05
2,CSVEGDRGSLGTGELFF,GLMWLSYFV,0,0,0.00024525276967324317
2,CASQSNTGNQFYF,MGRDIKVQFQSGGAN,1,1,0.9999992847442627
2,CASSLAGGSLSYEQYF,LDDKDPNFK,0,1,0.9994755387306213
2,AALYGNEKIT,KAVFNFATM,1,0,0.1939750611782074
2,CASSYDSRETQYF,IVNSVLLFL,0,0,0.010325292125344276
2,CASTISQGQARPDTQYF,RIMTWLDMV,0,0,0.012359273619949818
2,CSASTGDGTSGRWGETQYF,FLCWHTNCY,0,0,0.018089914694428444
2,CASSPLPGGVNEQFF,LMWLSYFIA,0,0,0.004014020320028067
2,CASSQELAGGGNEQFF,NLHPDSATL,0,0,9.70808741840301e-06
2,CAALNYGGATNKLIF,QYIKWPWYVW,1,1,0.9991081357002258
2,CASSLGQGSPAGANVLTF,GLMWLSYFI,0,0,0.003618775401264429
2,CWNAFTGNQFYF,QGSHNTRTRG,1,0,0.03619019687175751
2,CAWSVRGVNPYNEQFF,LTALRLCAY,0,0,0.26500898599624634
2,ALSGFYNTDKLI,APQPAPENAY,1,1,0.9815318584442139
2,CAVTDASGGSYIPTF,AQTFAATHNPWASQA,1,1,0.9999505281448364
2,CATGTGGGYGYTF,ETALALLLL,0,1,0.9821783900260925
2,CASSQTSDEQYF,KVSIWNLDY,0,0,1.6894147847779095e-05
2,CASSDATSGTYLYNEQFF,RLSFKELLV,0,0,0.00035198096884414554
2,CAWSVQQGDQPQHF,RLVDPQIQL,0,0,0.03968140855431557
2,CSARDFTYEQYF,FVNEFYAYL,0,0,0.00018307167920283973
2,CVVNPHARLMF,IAQYTSALL,1,1,0.9944966435432434
2,CASSIGDQETQYF,KLDGFMGRI,0,0,0.00015296292258426547
2,HPVGDADYFEY,AVQDLGTSGSRLT,0,1,0.9988909363746643
2,TTDSWGKFEF,ALLAVFQSA,0,0,1.5547098882962018e-05
2,CAVTIGATQGGSEKLVF,QVPSASMGRDIKVQF,1,1,0.9920378923416138
2,CARQTTGTTVGYTF,ATSRTLSYY,0,1,0.9803712964057922
2,CATDTTSGTYKYIF,HRAKLHFFKDENLK,1,1,0.9999135732650757
2,CASSFIGTRAGQYF,YTDFSSEII,0,0,3.25806176988408e-05
2,CAVSGGYQKVTFGVG,LTITPEIRPYF,1,1,0.9999988079071045
2,CSVEDLGPGANYGYTF,SMQNCVLKL,0,1,0.9524481296539307
2,CASSLENTGELFF,FIDTKRGVY,0,0,0.11964187771081924
2,CASSPLTGGGWEQFF,IPVAYRNVL,0,0,0.26362311840057373
2,CALGSYYNQGGKLIF,LLMPILTL,1,1,0.9999035596847534
2,CASSFNLMEITLTTEAFF,IKLDDKDPN,0,1,0.9410528540611267
2,CASGEGGIYNEQFF,FLWLLWPVT,0,0,0.007790875155478716
2,CAEPGSFKTIF,IVCPICSQK,1,1,0.9858924746513367
2,TTDSWGKFEF,HLLLVAAGL,0,0,2.226699280072353e-06
2,CATDATSGTYKYIF,SVGKIHFFKMEVVS,1,1,0.9999973773956299
2,CAYRSPPSSEKLVF,SLVALGINAV,1,0,0.0006128069362603128
2,CAWSLEERDTQYF,LILRGSVAHKSCL,1,1,0.999548614025116
2,CSARDREGSIYNEQFF,VLSFELLHA,0,0,8.747797255637124e-05
2,CASSDEGQGTDTQYF,ALNLGETFV,0,0,9.763815796759445e-06
2,CAVRGTNAGKSTF,KLGEFYNQM,1,1,0.9999328851699829
2,CASSPQRGPYEQYF,FVCDNIKFA,0,0,0.006758631207048893
2,CASRSAGTGYSHAFSGNTIYF,LLNKHIDAY,0,1,0.8885115385055542
2,CASSWRLASYNEQFF,IPVAYRKVL,0,0,0.07652109861373901
2,CATDAITDSWGKLQF,AIILASFSA,1,1,0.8877204656600952
2,CAAKGAAGNKLTF,VASITEVECFLTPEM,1,1,0.9996281862258911
2,CAADGGAGSYQLTF,LPFERATIM,0,1,0.997329831123352
2,CAVSGGYQKVTFGVG,LTISPEIPPYF,1,1,1.0
2,CAAKGGGNKLTF,VDSITEVECFATPEM,1,1,0.9999972581863403
2,CASSPSAGRGLGYTF,YLNSTNVTI,0,0,1.822386934691167e-06
2,CASSVTLRDTQYF,VPMEKFKTL,0,0,0.00015444155724253505
2,CASSVGGGRSYEQYF,RSRNSSRNL,0,0,0.13667479157447815
2,ASNENMDAM,VLGDRQGGRALI,0,0,0.00010683976870495826
2,CASTTGDSSNQPQHF,TQWSLFFFL,0,0,0.00027975556440651417
2,CASRVKETQYF,WTAGAAAYY,0,0,1.0999505320796743e-05
2,CILDNNNDMRF,NLVPMVAAV,1,0,0.09541186690330505
2,CASTSVNTGELFF,VMDEFIERY,0,1,0.9987204074859619
2,CAVSGGYQKVTFGVG,LTITPEIAPFF,1,1,1.0
2,CASGRHNSPLHF,FASTEKSNIIRGWIFGTTLDSKTQSLLIVNNATNVVIKVCEFQ,1,0,0.017319748178124428
2,CAAKGAAGNKLTF,VDSITEAECFLTPEM,1,1,0.999930739402771
2,TYFCAASDCQLIW,ISAASYVVPPLPNKR,1,1,0.9999979734420776
2,CAGNFGNEKLTF,NCTFEYVSQPF,1,1,0.9915909767150879
2,CAVSGGRAAGNKLTF,VTNNTFTLK,1,1,0.9649966955184937
2,ALGDRGSGGSNYK,DEPLTSLTPRCNTAWNRLKL,1,1,1.0
2,CASPRSTGELFF,GLALYYPSA,0,0,0.0035224391613155603
2,CATDATSGTYKYIF,ENAVVHFFRSLVSS,1,1,0.9999957084655762
2,CAVQPGAGGFKTIF,MGRDIKVQFQSGGAN,1,1,1.0
2,CARHSYTEAFF,VPYFNMVYM,0,0,2.2961399736232124e-05
2,CASSSDPSTDTQYF,VIYMGTLSY,0,0,3.588668187148869e-05
2,CAWSLEERDTQYF,MVFHVSYAHKSL,1,1,0.9997819066047668
2,CASSLGTSGGKWTDTQYF,MFLARGIVF,0,0,0.007888292893767357
2,CASSERLDLAGGRNEQFF,FIDIKRGVY,0,0,0.032476603984832764
2,CATDTTSGTYKYIF,LNKNIHFFKNLPLP,1,1,0.9999955892562866
2,CAVSGGYQKVTFGIG,GTIRPEIPDYF,1,1,0.9999986886978149
2,CAGGTSYGKLTF,KDPQFKDNV,0,1,0.9999744892120361
2,ILPLAGGTSYGKLT,EEYLKAWTF,1,1,0.9972098469734192
2,CASSSGTGGQYEQYF,YVFHLYLQY,0,0,8.72452073963359e-05
2,CAVVHNAGNMLTF,QASGNHAAGILTM,1,1,1.0
2,FLRGRAYGL,ILPLAGATSYGKLT,0,1,0.5071066617965698
2,CASSLGTGDEKLFF,KQLSSNFGA,0,0,0.0007446109084412456
2,CSAIPLGEPYEQYF,LVGLMWLSY,0,0,0.0007825527573004365
2,CAVSSPQGGSEKLVF,GRLMLIAPK,1,1,0.9999148845672607
2,CASSSQGLTKDEQYF,SWMESEFRV,0,0,0.0015177614986896515
2,ASNENMDAM,SSSWSGSNGEQ,0,0,0.1193077489733696
2,CASSLGTGGQFF,GLPWNVVRI,0,0,0.00045354722533375025
2,CAWSLEERDTQYF,YGFLVPNPTKAT,1,1,0.9999998807907104
2,ASGTEAF,HPVAEADYFEY,1,0,0.06001660227775574
2,CASSFLGQGDSPLHF,IPLTTSSKL,0,0,0.0007533969474025071
2,ATDTTSGTYKYI,AHPADPGSRPHLIRLFSRDA,1,1,0.9999986886978149
2,CATDATSGTYKYIF,RLSVVHFLRANAVS,1,1,0.9999731779098511
2,CASSARANTEAFF,TLIVNSVLL,0,0,0.00044532876927405596
2,CVVTGYSSASKIIF,ESEERPPTPY,1,1,0.9979421496391296
2,AIDSTGGYK,FNFAITNLG,1,1,0.9999942779541016
2,AALYGNEKIT,KALYDYAPI,1,1,0.9631752371788025
2,CASTYPSGGASGELFF,FVLAAVYRI,0,0,0.00039518243283964694
2,CASSWTANTEAFF,FPNITNLCP,0,1,0.9998490810394287
2,CVGNAGGTSYGKLTF,KDPQFKDNV,1,1,0.9999862909317017
2,CASSSETGWGTEAFF,ALALLLLDR,0,0,0.00010234084038529545
2,CAWSLEERDTQYF,REYRIACPVKST,1,1,0.9998328685760498
2,CVVNKGSSASKIIF,LLQYGSF,1,1,0.992495059967041
2,CASSLMTGGAYNEQFF,SWMESEFRV,0,0,0.023125069215893745
2,AHPSK,NILSPFMPLL,1,1,0.9999102354049683
2,CASSSIWGSGEAFF,RAMPNMLRI,0,0,0.00043743153219111264
2,CAASRSTGGFKTIF,VDSIAEVECFLTPEM,1,1,0.9992992877960205
2,CSAGDGADTQYF,FITESKPSV,0,1,0.9919531941413879
2,CAETLGGKLIF,AIMDKNIIL,1,1,0.9971222281455994
2,CATDATSGTYKYIF,NANVLHFLKNIICQ,1,1,1.0
2,CATDTTSGTYKYIF,NPQVIHFFKSLDLL,1,1,0.9983966946601868
2,CASSLGGHGQPQHF,ALASCMGLI,0,0,1.3432894775178283e-05
2,CAVSSPQGGSEKLVF,DRVMLIAPR,1,1,0.9995715022087097
2,CASSPGTGGFLSSYEQYF,MPNMLRIMA,0,0,0.001091195736080408
2,SLYFCASSGGSNTGQLYFGEGSKLTVL,IASNENMETMESSTLE,1,1,0.9984978437423706
2,AVSVNTGNQFY,KVCEFQFCNDPFLGVYYHK,1,1,0.9999998807907104
2,CASSLDRVSYNEQFF,FLPFAMGII,0,0,6.116288204793818e-06
2,CASSLGANTGELFF,STSAFVETV,0,0,0.00013142295938450843
2,CASSKPPTDTQYF,NLTTRTQL,1,1,0.9740740656852722
2,CWSPFGNEKLT,GTSGSPIVAR,1,0,0.009232553653419018
2,CASLTRFGLYSNQPQHF,ILLLDQALV,0,0,0.00036277432809583843
2,CAISGTGGSGANVLTF,LIIMRTFKV,0,0,0.0025500922929495573
2,CAASRSTGGFKTIF,VDAITEVECFLTPEM,1,1,0.9996957778930664
2,CALMNYGGSQGNLIF,SSANNCTFEYVSQPFLM,1,1,0.9996892213821411
2,CAASRSTGGFKTIF,VDSITEAECFLTPEM,1,1,0.9995984435081482
2,CASSQGLAGGQGEQFF,MSAFAMMFV,0,0,9.644255669627455e-07
2,CSAGGSYEQYF,SSGDATTAY,0,0,0.00015052763046696782
2,CASSFSGLYNEQFF,FLLPSLATV,0,0,3.4801726087607676e-06
2,CAVDDFSGGTSYGKLTF,KIYSKHTPI,1,1,0.5745961666107178
2,CAVPNSGYSTLTF,MSRAFIIDPTISAID,1,1,0.999998927116394
2,CATDTTSGTYKYIF,SVGKIHFFKMEVVS,1,1,0.9999967813491821
2,CATDTTSGTYKYIF,RTQRIHFFKGDKVW,1,1,0.999957799911499
2,CASSSSGGLSSYEQYF,NSVTSSIVITSGDGTTSPISEHDYQIGGYTEKWESGVK,1,1,0.8792348504066467
2,CASSSGTGVDYEQYF,RIMTWLDMV,0,0,0.012027443386614323
2,CASSQEDPAGDSYNEQFF,ILFTRFFYV,0,0,1.6806938219815493e-05
2,CASSPGVGNTEAFF,TSTLTEQVAW,1,0,0.09323295205831528
2,CASSFGLALGDEQFF,LPKGIMMNV,0,0,0.0010071847354993224
2,CASSLLAGGSLDEQFF,KSALDLSHF,1,1,0.7402774691581726
2,CAVSTDTGRRALTF,QALNTLVKQLS,1,1,0.9999986886978149
2,CAVRNMDSNYQLIW,GLMWLSYFI,1,1,0.9874303340911865
2,CAVRDSRGGATNKLIF,NRDMLPCYSVARIPL,1,1,1.0
2,CASSLPGQMIRWDTEAFF,ALPETTADI,0,0,3.4098651667591184e-05
2,CAVEGYSNYQLIW,LPFDRTTIM,1,1,0.9998881816864014
2,CASSQERDRVYEQYF,QWNLVIGFL,0,0,0.002866622991859913
2,CAAKGAAGNKLTF,VDSITEVECALTPEM,1,1,0.9999799728393555
2,CASSLASTGLTQETQYF,VLLAPLLSA,0,0,0.03657377511262894
2,CAVNPIGGYNKLIF,LNKIVRMYSPTSILD,1,1,1.0
2,ASSGRSTDTQY,LASYFFWGL,1,1,0.9957126379013062
2,CSAPLGEGGYTF,NSAIGKIQY,0,0,0.0004466158279683441
2,TYFCAASSTGGLS,NKRSEANPANPPSFA,1,1,0.9999744892120361
2,SSIEFARL,ASRGQGVSDYT,0,0,0.0007179031963460147
2,CASSPIELVTYNEQFF,FPDLNGDVV,0,0,0.00033382573747076094
2,AMRGDYGGSGNKLI,INFYFNTI,1,1,0.9999929666519165
2,CASSPTRGLEIEKLFF,ALVYFLQSI,0,0,0.0004525517870206386
2,CAVQARSWGKLQF,LQASGNHAAGILTM,1,1,1.0
2,CATSELSGETQYF,GIIAMSAFA,0,0,0.00011805816029664129
2,CAVRSDGSQGNLIF,KLGEFYNQM,1,1,0.9998761415481567
2,CASRESGGWNTGELFF,TILTSLLVL,0,0,0.04680030792951584
2,CAALNYGGATNKLIF,MYVKWPWYVW,1,1,0.9995092153549194
2,CASSSSTGGNYGYTF,STQWSLFFF,0,0,0.09250973910093307
2,CSAPGGRPQHF,FVLAAVYRI,0,0,0.00016056557069532573
2,CASSWTGMNTEAFF,YANRNRFLY,0,1,0.9434834122657776
2,CASSPPDDEQYF,MCDVRQLLF,0,1,0.9801454544067383
2,CASSQDLAGAQNTGELFF,FARQAVWLRE,1,1,0.9974791407585144
2,CASSDPSGPGGGSPLHF,VPHHVVATV,0,0,1.8106570678355638e-06
2,CAAIGGPNTDTQYF,MQVESDDYI,0,1,0.8946484923362732
2,AALYGNEKIT,LAIRNDEEL,1,1,0.9147225618362427
2,CAVSGGYQKVTFGIG,GSLSPELRPIF,1,1,1.0
2,CASSYWGGTNTEAFF,DPNFKDQVI,0,0,0.00014116399688646197
2,CAWSLEERDTQYF,EKFTTPPAHKSF,1,1,1.0
2,CASSPLVPASSYNEQFF,NLIDSYFVV,0,0,0.000606540881562978
2,CAASRSTGGFKTIF,VDSITEVECFLAPEM,1,1,0.9999582767486572
2,CVVNEGMTTDSWGKLQF,TVSCLPFTI,1,1,0.6588555574417114
2,CASSVLANTGELFF,FPLCANGQV,0,0,0.0018043967429548502
2,ASGGGRGSYAEQ,SVSSFERFEIFPK,1,1,1.0
2,CASSQEQRSYNEQFF,NPTIQKNVL,0,0,0.1879207193851471
2,CSARDWLGQEVYNEQFF,FMIDVQQWG,0,1,0.5348474383354187
2,CAASRSTGGFKTIF,VDSITEVECFLTPEA,1,1,0.9997166991233826
2,CASSYSPQENTEAFF,SGGGETALA,0,1,0.7455408573150635
2,CASSERQFYGTDTQYF,FLDGSCGSV,0,0,0.0005771662690676749
2,CASSQSGGRYEQYF,YTDIATSAC,0,0,0.00013591782771982253
2,TTDSWGKFEF,SPLPSYAAF,0,0,0.004578629974275827
2,CAMQSDSWGKLQF,TQWSLFFFL,1,1,0.999704897403717
2,CASSSVAFDSGNTIYF,VMYASAVVL,0,0,0.0003999252221547067
2,CAASINSGNTPLVF,PPLIAANRARLTSLV,1,1,0.8112673759460449
2,CVVSAITNDYKLSF,MGRDIKVQFQSGGAN,1,1,1.0
2,CASSLSDTYNEQFF,FVTVYSHLL,0,0,0.39850130677223206
2,CVVSAITNDYKLSF,PSMGRDIKVQFQSGG,1,1,0.8415946364402771
2,CASSIGIHGYTF,MLFTMLRKL,0,0,0.190399631857872
2,CSARYRDTGELFF,NTLTLAVPY,0,0,0.04861724376678467
2,CASRWTENTEAFF,TPAFDKSAF,0,0,0.003787072841078043
2,CAWSLEERDTQYF,KCFVGSVPHKSL,1,1,0.9918838739395142
2,CAVSGGSALGRLHF,FQDAYNAAGGHNAVF,1,1,0.9999980926513672
2,CAAKGGGNKLTF,ADSITEVECFLTPEM,1,1,0.9998593330383301
2,CAASINSGNTPLVF,PAMVAANRAQVASLV,1,1,0.9999874830245972
2,CAVNAGGSTLGRLYF,LPFDKTTIM,1,1,0.997692346572876
2,CASSPGRGDSPLHF,YMRSLKVPA,0,0,0.0003403334703762084
2,DGTGS,KLTPLCVTL,1,0,2.3315287762670778e-05
2,CAVHNNAGNMLTF,HTGREIVDLMCHAT,1,1,0.9981697797775269
2,CASRTTTGTGSSGNTIYF,TVAYFNMVY,0,0,0.0001706640177872032
2,CASSPPGGSLDTEAFF,FLTENLLLY,0,1,0.9542363882064819
2,FLRGRAYGL,ASSLGQAYEQY,0,0,0.276810884475708
2,AHPSK,LLGCFLPLL,1,1,0.9016069769859314
2,CASSLVVTGGHEQFF,GVPINTNSSPDDQIGYYRRATRRIRGGDGKMKDLSPRW,1,1,0.9992081522941589
2,CASSFTGDSYNEQFF,QWNLVIGFL,0,0,0.0033940933644771576
2,CASSSYRNNEQFF,IITTDNTFV,1,0,4.007550160167739e-05
2,CAVNAGGSTLGRLYF,LPFDKSTIM,1,1,0.9956839084625244
2,CASSQGAGGLVFYEQYF,RLCAYCCNI,0,0,0.00019671984773594886
2,CAPLGGRRGFKTIF,VTNNTFTLK,1,1,0.9909976720809937
2,CAVSGGYQKVTFGIG,SSFSPELRMRW,1,1,0.9999986886978149
2,CASSLGRTGANTGELFF,LQNNELSPV,0,1,0.9943397641181946
2,CASSQDSGWREKLFF,YTPSKLIEY,0,0,0.00027246252284385264
2,CSARTSAGVYEQFF,STDVTIATY,0,0,5.531473652808927e-05
2,IHSLLDEGKQSLTKL,AMSARSGNTPLV,0,1,0.9997746348381042
2,TYFCAANTGGLS,SRCAFTASASFN,1,1,0.6445373892784119
2,AHPSK,SILSPFIPLL,1,1,0.9999516010284424
2,CASSPAAGFLEQYF,APLLSAGVF,0,0,0.006709669716656208
2,CAASDTGTASKLTF,LHGAGNHAAGILTL,1,1,0.9999994039535522
2,ILPLAGGTSYGKLT,YLRGRAYGL,1,1,0.950114369392395
2,CAVRDQAGTALIF,TRFASVYAWNR,1,1,0.9999603033065796
2,AVMAHSGNRALV,SSADEQIQW,1,1,0.9975283741950989
2,AHPSK,TLSPFLPLL,1,1,0.9998706579208374
2,AVSGFASALT,LSPFPFDL,1,1,0.9999992847442627
2,GILGFVFTL,NYGGSQGNLIF,1,1,0.999935507774353
2,CASSQDLGARMGETQYF,SSSTCMMCY,0,0,0.14163631200790405
2,CAVPGGSPYEQYF,ILRKGGRTI,0,0,0.0004873033321928233
2,CAVSGGYQKVTFGIG,KSCTPEVREYF,1,1,0.9978564381599426
2,CAWSLEERDTQYF,LSFATPYAHKSI,1,1,0.9999159574508667
2,CVVNRGGGYQKVTF,LSFELLHAPAT,1,1,1.0
2,CASSPGGPGVGELFF,SPYNSQNAV,0,1,0.9777733683586121
2,CALSHYSGTYKYIF,RTAMFQDPQER,1,1,0.9999850988388062
2,CASTVFQGSTNEQFF,FLIGCNYLG,0,0,0.007309303618967533
2,CASSPPRLGAFF,APTKVTFGV,0,0,1.2973296179552563e-05
2,CASSLGDVQNTEAFF,NPANNVAIV,0,1,0.5305634140968323
2,CATSREGAGTEAFF,KLIEYTDFA,0,0,0.0021446284372359514
2,CALSSNDYKLSF,RLQSLQIYV,1,0,0.06338666379451752
2,AALYGNEKIT,KVANFANTM,1,1,0.9288187623023987
2,CASSLSAAYEQYF,MMILSDDAV,0,0,4.287484989617951e-05
2,FSGGSNFKL,SRYWAIRTR,1,1,0.9999796152114868
2,SSYRRPVGI,SAETLYF,1,1,0.9999552965164185
2,SVSSFERFEIFPK,ASGGGRGSYAEQF,0,0,0.2384777069091797
2,CATDATSGTYKYIF,LNKNIHFFKNLPLP,1,1,0.9999963045120239
2,CASSPPRTSGRALYEQYF,YFTSDYYQL,0,0,2.0730078176711686e-05
2,CATDATSGTYKYIF,HMLSFHFWKSRGQT,1,1,0.9999971389770508
2,CAMTPSGGYQKVTF,WNRKRISNCVADYSV,1,1,1.0
2,CASIDRSYEQYF,IITTDNTFV,0,0,0.0001688083284534514
2,CASSLTQGARNTIYF,SMQNCVLKL,0,1,0.96677565574646
2,AIDSTGGYK,FNSAITNLG,1,1,0.9999985694885254
2,CASSLTGISTDTQYF,WMVMFTPLV,0,0,0.0032705862540751696
2,CASSVDRGAYNEQFF,GDAALALLL,0,1,0.9963717460632324
2,HPVGDADYFEY,ASSARSGELF,0,0,0.004823090974241495
2,CASSTQPGADTGELFF,TVAYFNMVY,0,0,0.0001271089568035677
2,CASSRDRGLGYTF,RTAPHGHVV,0,0,0.013171045109629631
2,CASSLTSDGYNEQFF,NLSDRVVFV,0,0,0.008737199008464813
2,CASSMSMGQHYEQYF,PTDSYITTY,0,0,7.942843512864783e-05
2,CAYRSPPSSEKLVF,YLVALGINAV,1,0,5.2537016017595306e-05
2,AALYGNEKIT,KATYYDNTA,1,0,0.02226250432431698
2,CVVKGGNNATLMF,LNEDLTCGNILMWEA,1,1,0.9997127652168274
2,CAVSGGYQKVTFGIG,RSFVPEIGMGF,1,1,0.9446026682853699
2,CASSLGDSEKLFF,WLPTGTLLV,0,1,0.5507600903511047
2,ASSRANYEQY,SIIRFEKL,1,1,0.9999994039535522
2,ASGDNSAETLY,KCSRNRQYL,1,1,0.9982549548149109
2,CAYNLGNTPLVF,KQLLFVLEV,1,1,0.9435285925865173
2,CASSPGDPSTDTQYF,LNKHIDAYK,0,0,0.002023377688601613
2,CASSLDLGVDYGYTF,FSASTSAFV,0,0,0.0004370947426650673
2,CASGLGVGSSVDEQFF,KQLPFFYYS,0,0,0.04614010080695152
2,CAVVHNAGNMLTF,RSGPPGLQGRLQRLLQASGNHAAGILTM,1,1,0.9999920129776001
2,CAASINSGNTPLVF,PAMVAANRTRLASLV,1,1,0.9999808073043823
2,CASSWLGQGALEAFF,ITNFKSVLY,0,0,0.003096025437116623
2,CSVVRGSYNEQFF,LMGHFAWWT,0,0,0.481324702501297
2,CSVNLGGPTDTQYF,KPVETSNSF,0,1,0.9209079742431641
2,AMRGDYGGSGNKLI,ANFDFNTI,1,1,0.9999973773956299
2,TYFCAASGDSNYQLIW,LMMFYKSSMSLTAWI,1,1,0.9999986886978149
2,CAVEIGGGSYIPTF,KTQSLLIVNNATNVV,1,1,1.0
2,CASSFVQGGHTEAFF,FPLCANGQV,0,0,6.66187479509972e-05
2,CASSAGVGTGELFF,SQLGGLHLL,0,1,0.9999656677246094
2,ALSEGGNYKYV,RGYLYQGL,1,1,1.0
2,HPVGEADYFEY,ASSARSGELF,0,0,0.0041394662111997604
2,CASRGMDGDTQYF,FLVLLPLVS,0,1,0.515767514705658
2,CAWSLQTGGGSSYEQYF,SHFIPSIPIKAT,1,1,0.9996825456619263
2,CASSQVAGDEAKNIQYF,VMYASAVVL,0,0,0.0010590789606794715
2,CALSASSNTGKLIF,ASFSTFKCYGVSPTKLNDLCFT,1,1,0.9968788623809814
2,CAWKPTGLGYGYTF,FWITIAYII,0,1,0.6084029674530029
2,CAYGDDKIIF,MQLFFSYFA,1,1,0.8930827379226685
2,CAASFSGAGSYQLTF,FNFNGLTGTGVLTES,1,1,0.9999639987945557
2,CASSLGLAGAGELFF,YANRNRFLY,0,1,0.8918106555938721
2,CASSWTEGTETQYF,FLCLFLLPS,0,0,0.14807851612567902
2,CASTGGPEGNQPQHF,SLLSVLLSM,0,0,0.08601599186658859
2,CALDINTNAGKSTF,GLIAIVMVT,1,1,0.8934446573257446
2,CAALDSGSARQLTF,IVCPICSQK,1,1,0.9996294975280762
2,CAASINSGNTPLVF,PPLIAANRASLMQLI,1,1,0.5430800914764404
2,CAFMKRGYYALNF,YGFQPTNGV,1,1,0.9889914989471436
2,CASSPDGTGSGNTIYF,KLPDDFMGC,0,0,5.707809123123297e-07
2,CAVSSPQGGSEKLVF,NRLMMIAPR,1,1,0.9999940395355225
2,CASSLEGAGYEQYF,QVVSDIDYV,0,0,6.496321293525398e-05
2,CSAEVPGANTGELFF,TYASALWEI,0,0,0.00011558258847799152
2,CASSFEVRVDTEAFF,WLTYTGAIK,0,0,5.177413186174817e-06
2,CGLLMIKAAGNKLTF,TYGPVFMCL,1,1,0.9950106143951416
2,CASSIGTPSGNTIYF,FSASTSAFV,0,0,0.00033058959525078535
2,TTDSWGKFEF,TFTYASALW,0,0,8.704062202014029e-05
2,CASSQDLGVDGYTF,GLTVLPPLL,0,1,0.9978063702583313
2,CAVSSPQGGSEKLVF,GRVMLVAPK,1,1,0.9997655749320984
2,CASSLGQGATNTGELFF,FPFTSFGPL,0,0,0.13640987873077393
2,CASSHVTGYEQYF,FLEYHDVRV,0,0,7.052431669762882e-07
2,ASSRANYEQY,SIVNFEKL,1,1,1.0
2,CASSLSVSSYNEQFF,APLLSAGVF,0,0,0.0013142081443220377
2,FERFEIFPK,ASGGGRGSYAEQF,0,0,0.004857543855905533
2,CAVQPGAGGFKTIF,PSPSMGRDIKVQFQS,1,1,0.5377411842346191
2,AYGEDDKII,QLSSLGLNAV,1,1,0.5420238971710205
2,CASSVGRVSTDTQYF,RLANECAQV,0,0,0.004114056937396526
2,CAVSGGYQKVTFGIG,NSLKPEIPDYF,1,1,0.999998927116394
2,CAVKTPSSASKIIF,SVYGDTLEK,1,1,0.9998544454574585
2,DATAS,KLTPLCVTL,1,0,2.538759508752264e-05
2,CAASGTSTLTF,ADSITEVECFLTPEM,1,1,0.9921582937240601
2,CATDATSGTYKYIF,FGVKIHFFKQRNSL,1,1,0.9999998807907104
2,CASSLYSPAHTEAFF,ELTSMKYFV,0,0,0.00011074436770286411
2,CASSLPGWEQYF,IPVAYRKVL,0,0,0.1891091763973236
2,CAVSGGYQKVTFGIG,WTYRPEVRGVW,1,1,1.0
2,CAASINSGNTPLVF,PALVAANRALVAWLA,1,1,0.9997994303703308
2,CASSVGMTDYNEQFF,GLFKDCSKV,0,0,0.004589509218931198
2,CAVSGGYQKVTFGVG,LSITPEISPYF,1,1,0.9999867677688599
2,CASSPDRGPSQPQHF,GLPWNVVRI,0,0,2.476257213857025e-05
2,CAASDTGTASKLTF,GAGNHAAGILTL,1,1,0.9980188608169556
2,ASNENMETM,NSDYTF,1,1,0.8438951373100281
2,CAMIKAAGNKLTF,PPAYTNSFTRGVYYP,1,1,0.9999921321868896
2,CAMREGRRDDKIIF,YYRRATRRIRGGDGKMK,1,1,0.9846827387809753
2,CAVGSYSGGGADGLTF,FPLKLRGTA,1,0,0.0056178332306444645
2,CATVLPTQGGSEKLVF,TMMDLCFAL,1,1,0.9912999272346497
2,CAASGTSTLTF,VDSITEVECALTPEM,1,1,0.9996660947799683
2,ASSLAFSGGAGNIQY,KVCEFQFCNDPFLGVYYHK,1,1,1.0
2,CAASINSGNTPLVF,PAEVAANRALLAALV,1,1,0.9999659061431885
2,CAFMKPRGGNMLTF,QLEMELTPV,1,1,0.867119550704956
2,DGAAS,KLTPLCVTL,1,0,0.0016646769363433123
2,TYFCAASRWTGGLS,TAYLYGIADPRGTRS,1,1,0.9999943971633911
2,CAVGDVTDKLIF,LVKNKCVNFNF,1,1,0.9744195342063904
2,CASSEKEGTTNTGELFF,KVDGVDVEL,0,0,9.919652075041085e-05
2,ASSRANYEQY,ISQAVHAAHAEINEAGR,1,1,0.9999982118606567
2,CASSLNEQEGQPQHF,YTNSFTRGV,0,0,5.772618578703259e-07
2,CAAPNSGYSTLTF,MSRAFIIDPTISAID,1,1,0.9999947547912598
2,CLVGSNRDDKIIF,QSRGDENRGW,1,1,0.9941583871841431
2,TYFCAASPMNTGGLS,AGLIPIASPIAVAVP,1,1,1.0
2,CALKKNTGNQFYF,NNSYECDIPIGAGIC,1,1,1.0
2,CATDTTSGTYKYIF,SVSVIHFFKAPAAI,1,1,0.9999996423721313
2,CIVRGPSSGSARQLTF,MIAQYTSALLA,1,1,0.9999995231628418
2,CAVRDAVGSYIPTF,KKFLPFQQFGRDIAD,1,1,1.0
2,CWNNGNDYKLSF,SGSDNKVTLW,1,1,0.9949108958244324
2,ILPLAGGTSYGKLT,FLRGRAFGL,1,1,0.8841182589530945
2,FLRGRAYGL,ILALAGGTSYGKLT,0,0,0.04743307828903198
2,CASKGLAGYNEQFF,AFLLFLVLI,0,0,7.454094156855717e-05
2,CASSMRHFSYEQYF,FTISVTTEI,0,0,1.4787983673159033e-06
2,CASSQAQGLPYEQYF,HSDKFTDGV,0,0,3.7354673168010777e-06
2,CASSLETGYEQYF,YQDVNCTEV,0,0,2.8230871976120397e-05
2,CAVSSPQGGSEKLVF,SRVMLLAPR,1,1,0.9999157190322876
2,SFERFEIFPKE,ASGGGRGSYAEQ,0,0,8.120811980916187e-05
2,CASSQWTGSNYGYTF,LMWLIINLV,0,0,0.059946149587631226
2,CASQSNTGNQFYF,PSMGRDIKVQFQSGG,1,0,0.009730901569128036
2,CASSIGGGLYEQYF,FLPFFSDVT,0,0,0.029628735035657883
2,CASSIARTGEAVNEQFF,NSTRFASVY,0,1,0.8115807175636292
2,CAAGPGNEQFF,RLNQLESKM,0,1,0.999980092048645
2,CASSFSGGDTEAFF,TVAYFNMVY,0,0,8.622326276963577e-05
2,CASSLTHSSYNEQFF,YVDDSSLTI,0,0,9.174063393402321e-07
2,CAVQARSWGKLQF,GAGNHAAGILTL,1,1,0.9998432397842407
2,CASSYLAGGPTDTQYF,MMILSDDAV,0,0,2.7915340979234315e-05
2,CAVQPGAGGFKTIF,VPSPSMGRDIKVQFQ,1,1,0.999983549118042
2,CASRLTRGAGETQYF,IPLTTAAKL,0,0,0.0018169381655752659
2,CAASDTGTASKLTF,LQASGNHAAGILTM,1,1,0.9999996423721313
2,CASRGLALYNEQFF,ELYSPIFLI,0,0,0.29298901557922363
2,CAASGTSTLTF,VDAITEVECFLTPEM,1,1,0.999021053314209
2,CAIRWTLNNEQFF,VAFNTLLFL,0,1,0.9896422028541565
2,CAVDMGNTPLVF,KAANIVLTV,1,0,0.10643327981233597
2,CALGERDSWGKFQF,RLQSLQIYV,1,1,0.9939926266670227
2,CASSLGGGADTQYF,VLGSLAATV,0,0,6.537067775980177e-08
2,CASSESGAELFF,GTDLEGNFY,0,0,0.0008764312951825559
2,CASTMTTDSWGKFQF,AMAVMLLLL,1,1,0.9840643405914307
2,CASSVEGDGSEAFF,TVYSHLLLV,0,1,0.5724182724952698
2,DGTAS,KLVANNTRL,1,0,0.00016656953084748238
2,CAASINSGNTPLVF,PMLVAANRNAFVQLV,1,1,0.998137354850769
2,CAASETSGSWQLIFG,ASNENAETM,1,0,0.0009635332389734685
2,CVVTEYSGGGADGLTF,KTVGIYPNA,1,1,0.9728670120239258
2,AVEGLYKYI,NMYAMMIARFKMFPEVKEKG,1,1,0.9999996423721313
2,CATSEVGSETQYF,KPYIKWDLL,0,0,0.011414291337132454
2,CAYNQGGKLIF,KIILFLPCI,1,1,0.9738556742668152
2,AMRGDYGGSGNKLI,IAFDFNTI,1,1,0.9999973773956299
2,CASSSNIRDSGNTIYF,YLAVFDKNL,0,0,1.0423481171528692e-06
2,CASSLEGYTEAFF,PPWQAGILARNLVPMVATVQGQN,1,1,0.9996676445007324
2,CAVRGISGGYNKLIF,YPDPSRIL,1,1,0.9999998807907104
2,CASSLGGDEQFF,WLPTGTLLV,0,0,0.0844561904668808
2,CASSLPTRQNLASYEYGYTF,WMVMFTPLV,0,0,0.006555058062076569
2,RTQSPRRR,YSSPLSGQSRANVLTF,0,1,0.9999593496322632
2,CASRSLSGEQFF,TDDNALSYY,0,0,0.40512511134147644
2,CASSVGGSGGAGEQYF,FVAAIFYLI,0,0,0.0009386949241161346
2,CASSYGQNPLNTEAFF,IDLLLQRGPQYSEHPTFTSQYRI,1,1,0.999969482421875
2,AYGEDDKII,QLTSLGLNAV,1,0,0.34899553656578064
2,CASSLGVGRGFTEAFF,TSNEVAVLY,0,0,0.09490969777107239
2,CASGTFLNTEAFF,FVSEETGTL,0,0,9.59933313424699e-05
2,CALSYNTDKLIF,LVKNKCVNFNF,1,1,0.8748345971107483
2,CAASINSGNTPLVF,PPEIAANRALLMALL,1,1,0.9938915967941284
2,CVVRTNSGNTPLVF,TDDNALAYY,1,1,0.9989429116249084
2,CASSIGDGILLTDTQYF,LSFKELLVY,0,1,0.8429123163223267
2,CASSSAGTPTEQFF,SLINTLNDL,0,1,0.9812553524971008
2,CVVSGDGTGANNLFF,LIVAAIVFI,1,0,0.011605574749410152
2,CAMSEGWVRAGKSTF,KKFLPFQQFGR,1,1,1.0
2,CASSIGAREAFF,LIIMRTFKV,0,0,0.00025214222841896117
2,NLYAG,VLIYFLPLL,1,1,0.9628133773803711
2,CVVRDGGYNKLIF,RARSVASQSI,1,1,1.0
2,CSVELSHSYEQYF,HGAIKLDDK,0,0,0.018858464434742928
2,CASSQDLLAGDSYEQYF,RIMTWLDMV,0,0,0.01927083171904087
2,CASSTSSSWTQYF,QMAPISAMV,0,0,0.00018525983614381403
2,CVVTEYSGGGADGLTF,KIILFLPCI,1,1,0.9021009802818298
2,CAASETSGSWQLIFG,ASAENMETM,1,0,0.0006121895276010036
2,CATDTTSGTYKYIF,HMLSFHFWKSRGQT,1,1,0.9999964237213135
2,CASSIQLAGGPYEQFF,GGETALALL,0,1,0.9531685709953308
2,CASSFGLDHGTGELFF,LITGRLQSL,0,1,0.8660192489624023
2,CASRAGGWTLPSNYGYTF,YTDFATSAC,0,0,0.00014235853450372815
2,CASSPSGLAGYNEQFF,NLLKDCPAV,0,0,0.3504720628261566
2,CATSPSTGELFF,KPYIKWDLL,0,0,0.011120550334453583
2,CASSPYTGTSGAYKNIQYF,KITEHSWNA,0,0,0.009137074463069439
2,CASSQLEQGGGYTF,FARQAVWLRE,1,1,0.9967424273490906
2,CAAPNTGFQKLVF,QSRGDENRGW,1,1,0.9970270991325378
2,CASSDTTGTYNEQFF,NLTTRTQL,1,1,0.9801442623138428
2,CASSLGGHGNEQFF,KITEHSWNA,0,0,0.0015242630615830421
2,CASSVTSGGPSSYNEQFF,KITEHSWNA,0,0,0.0004829109529964626
2,CAATLYSGAGSYQLTF,KKFLPFQQFGR,1,1,0.9999996423721313
2,CASSLYSGSFYEQYF,VLLSVLQQL,0,1,0.9673589468002319
2,CASRARDSQIGDTGELFF,ILAYCNKTV,0,0,5.967550720242798e-08
2,CIVRVGLGDDKIIF,INITRFQTLLA,1,1,0.9552611708641052
2,CAAPAYQGGRALIF,IGYVYQGL,1,1,0.9999992847442627
2,CATDATSGTYKYIF,FLKKFHFLKGATLC,1,1,0.9999998807907104
2,CASSSLAGDEQYF,YGFQPTNGV,0,0,0.004633109550923109
2,IMYNYPAM,LSTGDNYQLI,0,1,0.9899353384971619
2,NLYAG,IVSPFIPLL,1,1,0.9999984502792358
2,CASLPGSSYNEQFF,RTIKVFTTV,0,0,4.207766323816031e-06
2,AMREDTGNQFY,FLRGRAYVL,1,1,0.9999253749847412
2,CAVTIGATQGGSEKLVF,VPSPSMGRDIKVQFQ,1,1,0.9999034404754639
2,CAVNAGGSTLGRLYF,LPFERATVM,1,1,0.9996547698974609
2,CASSLAGQENQPQHF,TILTSLLVL,0,0,0.013511724770069122
2,CAGNNARLMF,LLLGIGILVL,1,0,0.27344968914985657
2,CAVSAAVNTGFQKLVF,YNYLYRLFRKS,1,1,0.9999997615814209
2,CSASGTGSYEQYF,KLNIKLLGV,0,0,2.299492734891828e-05
2,CASSRYRDPPDHEQYF,VPYFNMVYM,0,0,4.342381998867495e-06
2,CVLNNNDMRF,GAVECCPNC,1,1,0.9999845027923584
2,NLYAG,ILSPFIPLL,1,1,0.9999475479125977
2,CILDNNNDMRF,NLAPMVATV,1,0,0.003735822858288884
2,CAVQPGAGGFKTIF,QVPSASMGRDIKVQF,1,1,0.9990052580833435
2,CATDEDYSNNRLTL,QAEPDRAHYNIVTFCCKCD,1,1,0.9998242259025574
2,CAISEGSGSLIYEQYF,IKLDDKDPQ,0,1,0.9204814434051514
2,CAASINSGNTPLVF,PALVAANRSDLVSLV,1,1,0.9999396800994873
2,CAVEGYSNYQLIW,LPFEKSTVM,1,1,0.999988317489624
2,CVVTEYSGGGADGLTF,FDVMVMPNL,1,1,0.9995740056037903
2,ILPLAGGTSYGKLT,FLRGRAYVL,1,1,0.9999635219573975
2,CAASKDDYKLSF,SGTWLTYTGAIKLDDKDPNFK,1,1,0.97691410779953
2,CASSILGAGTDTQYF,GLTVLPPLL,0,1,0.9966429471969604
2,CASTFAHAGDSNEQFF,AMDEFIERY,0,1,0.995458722114563
2,CASSQVGTEAFF,ELYHYQECV,0,0,0.016989467665553093
2,CASSFSGRVGEKLFF,PTDQSYYIV,0,0,0.008746132254600525
2,CAASEIGSARQLTF,RFQTLLALHRS,1,1,0.9992008805274963
2,CATDTTSGTYKYIF,AAQRIHFFKNLSLL,1,1,0.9999675750732422
2,CWNTPGDSGGSNYKLTF,IPTNFTISVTTEILP,1,1,0.9341427087783813
2,CASSPDGLTENTEAFF,DYTEISFML,0,0,0.002533463528379798
2,CASSLLAGSSYNEQFF,HFISNSWLM,0,0,0.05236018821597099
2,CAVQPGAGGFKTIF,PSMGRDIKVQFQSGG,1,1,0.9765852093696594
2,CAWSLEERDTQYF,TIYRLATAMKAT,1,1,0.9990001320838928
2,CASSLGGLDKAYSPLHF,SLPGVFCGV,0,0,0.0003652785671874881
2,CAVSPDKLIF,SVYGDTLEK,1,1,0.9957894682884216
2,CSAPDRYLRTEAFF,RARLVSPKL,0,0,0.2825046479701996
2,CAASINSGNTPLVF,PAVVAANRGLMQLLA,1,1,0.9999427795410156
2,CAVNSGGSNYKLTF,MSQIMYNYPAMRAHA,1,1,0.9999480247497559
2,CASSLWGAGSTDTQYF,GLFKDCSKV,0,0,0.0003844344464596361
2,CASSSIPLFDRGTEAFF,KQLPFFYYS,0,0,0.019131723791360855
2,AIDSTGGYK,FNSAITNIG,1,1,0.9999871253967285
2,CASSYSRGISPYGYTF,TLIVNSVLL,0,0,0.0001556684001116082
2,CCTHNAGGTSYGKLTF,ILTSLLVLV,1,0,0.012754064984619617
2,TTDSWGKFEF,LSPRWYFYY,0,0,0.0007541964878328145
2,AYGEDDKII,KLVVLGINAV,1,0,0.06445518136024475
2,CWSPFGNEKLT,GTSGAPIVNR,1,0,0.1298246830701828
2,CASSQVGTGVHEQFF,TLLFLMSFT,0,0,5.443238023872254e-06
2,CATDATSGTYKYIF,AAQRIHFFKNLSLL,1,1,0.9999723434448242
2,CAEVPTGTSYGKLTF,LSYYKLGASQRVAGD,1,1,0.999996542930603
2,CALTSGGGATNKLIF,LQSLQTYVTQQLIRA,1,1,1.0
2,CVTGAGSYQLTF,LMWLSYFIA,1,1,0.8601599335670471
2,CASSSRLYNEQFF,NLQSNHDLY,0,0,0.12313450127840042
2,CASSLLGTEAFF,NVLTLVYKV,0,0,0.0037183824460953474
2,CSASPEWPENTEAFF,KLNIKLLGV,0,0,1.590541796758771e-05
2,CAISESVGQGQETQYF,LMCQPILLL,0,1,0.9994751811027527
2,CASSPRDSLYEQYF,RLYLDAYNM,0,0,1.8118049410986714e-05
2,CASSLGSLNEQFF,FLIGCNYLG,0,0,0.015038058161735535
2,CAATSYSGAGSYQLTF,KKFLPFQQFGR,1,1,0.9999990463256836
2,CASSRVGSPLHF,SLTYSTAAL,0,0,0.00013205016148276627
2,CASSLALTFSGEGSPLHF,LMNVLTLFY,0,0,0.0005816277698613703
2,CASSPLQGANHDEQYF,VPGLPGTIL,0,0,0.00032058238866738975
2,CASFDRTQGFSGANVLTF,KLDDKDPQF,0,0,0.10657083243131638
2,AGQPLGGSNYKLT,VMAPRTLVL,1,1,0.999984860420227
2,CAVKEAAGNKLTF,ITNTATTVLLDEFGV,1,1,0.9783434271812439
2,CAVSGGYQKVTFGVG,LTITPEIAPYF,1,1,1.0
2,AALYGNEKIT,KAPYNFATM,1,0,0.432040274143219
2,CASSFAGLNYGYTF,LDDKDPQFK,0,1,0.9997467398643494
2,CATDATSGTYKYIF,RTQRIHFFKGDKVW,1,1,0.9999639987945557
2,CASSLGTSGYNEQFF,AVIKTLQPV,0,1,0.5491746068000793
2,CAVLVPGNQFYF,TLATHGLAAV,1,0,0.262135773897171
2,CASSEDTAGNTIYF,HLLLVAAGL,0,0,1.904188138723839e-05
2,CASAGERSEQFF,VTLAILTAL,0,0,0.0004887370741926134
2,CALDKQAGTALIF,RGHLRIAGHHLGRCDIKDLP,1,1,0.9999556541442871
2,CASSYSRGQPEAFF,RTAPHGHEL,0,0,0.0009006543550640345
2,CAARGRDDKIIF,AIMDKNIIL,1,1,0.9998206496238708
2,CALSGGNRDDKIIF,FIKQYGDCLGD,1,1,0.9987290501594543
2,CASSRTGGRFDTQYF,MVTNNTFTL,0,0,8.717209311726037e-06
2,CASSLDGPSGPLYEQYF,TILTSLLVL,0,0,0.026504823938012123
2,ATDTTSGTYKYI,QRCRVHFLRNVLAQV,1,1,1.0
2,CASSSFGDSSYEQYF,RLANECAQV,0,0,0.0010925302049145103
2,CSAPQRGGSTDTQYF,GLFKDCSKV,0,0,0.00018936084234155715
2,CAASKGTSGTYKYIF,LLQYGSF,1,0,0.026612430810928345
2,ASNENMETM,VLGDRQGGRALI,0,0,0.00012966556823812425
2,ASNENMDAM,ASSSRTGGHAEQF,0,0,0.00019274579244665802
2,AYGEDDKII,KLKSLGLNAV,1,1,0.731228232383728
2,CAASGTSTLTF,VDSITEAECFLTPEM,1,1,0.9959854483604431
2,CASSLGPADTQYF,DLFMRIFTI,0,0,5.4100106353871524e-05
2,AMRGDYGGSGNKLI,SQYDYNSL,1,1,1.0
2,CAESSNTGKLIF,KLPDDFMGC,1,0,5.4901438488741405e-06
2,CATVLPTQGGSEKLVF,TMADLVYAL,1,1,0.9988504648208618
2,CASSFLAGQRTDTEAFF,FLDGSCGSV,0,0,0.0025426086504012346
2,CWNAFTGNQFYF,LGSDNRLTR,1,1,0.8570166826248169
2,CASSFGRNYGYTF,TALALLLLD,0,0,0.24747033417224884
2,CGTEDGRGGADGLTF,ESEERPPTPY,1,1,0.9113500118255615
2,CASSQISGTGGEQYF,NLIDSYFVV,0,0,0.001811367692425847
2,CAASGTSTLTF,VDSITEVECFLAPEM,1,1,0.9999157190322876
2,CASSATSNQPQHF,SGGGETALA,0,0,0.3187958896160126
2,CASSLGGEGYEQYF,FLGIITTVA,0,0,3.946985543734627e-06
2,TYFCAASESNYQLIW,ISAASYVVPPLPNKR,1,1,0.9999974966049194
2,CATSSRGQSNVGYTF,YTNSFTRGV,0,0,1.6113784795379615e-06
2,CATSDYGYTF,TVYEKLKPV,0,0,0.21039800345897675
2,CSASGTLDTEAFF,ITFDNLKTL,0,0,0.0008890789467841387
2,CASKGLANNEQFF,LTNDNTSRY,0,0,0.0002101674472214654
2,TTDSWGKFEF,YTDIATSAC,0,0,4.170171814621426e-05
2,FLRGRAYGL,ILPLAGGTSYGALT,0,1,0.6113815307617188
2,CAWSLQTGGGSSYEQYF,VHYRGSSPHKAL,1,1,0.9999998807907104
2,CASSLAPSPDTQYF,ITFDNLKTL,0,0,0.00026331987464800477
2,CAGGTSYGKLTF,ILTSLLVLV,0,0,0.2893999516963959
2,CAVRDSNYQLIW,RYCNLEGPPI,1,1,1.0
2,CATDATSGTYKYIF,GAHCIHFFKSAVCR,1,1,0.9999991655349731
2,CSASRGTYEQYF,MQVESDDYI,0,0,0.0002802673261612654
2,CAGEENSWGKLQF,ALVYFLQSI,1,1,0.9327224493026733
2,CASSLLPGNTGELFF,LLTNMFTPL,0,0,0.0845947191119194
2,CSASWNEQFF,YVVDDPCPI,0,0,0.0001456184108974412
2,CAMSSGGTSYGKLTF,WLDGVTPSL,1,1,0.882600724697113
2,CAASGTSTLTF,VDSITEVECFLTPEM,1,1,0.998908281326294
2,CASSYTAGRVYEQYF,LSRLDKVEAEVQIDRLITGR,1,0,0.2274782955646515
2,CASSQVRSGTYEQYF,LPKGIMMNV,0,0,0.00032390429987572134
2,CWNIFTGNQFYF,LGSDNRLTR,1,1,0.9840996265411377
2,CASSQDPPDTQYF,VLSFCAFAV,0,0,2.011719715255822e-07
2,CAFMRPRTYKYIF,SVYAWNRKRIS,1,1,0.9998922348022461
2,CSAGPTSGRTDTQYF,LPFDKSTVM,0,0,0.03072960488498211
2,AHPSK,ILSPFMPLL,1,1,0.9989736080169678
2,AMREDTGNQFY,YLRGRAYGL,1,1,0.8871362805366516
2,CASSDFPRDPSATQYF,ELYSPIFLI,0,0,0.023885784670710564
2,CSVDQGSGELFF,YVDDSSLTI,0,0,1.5433042790391482e-05
2,CASSYDRGFYNEQFF,GLNDNLLEI,0,0,0.0002049758331850171
2,CASSEALSGGAPAETQYF,LFTRFFYVL,0,0,0.09020023047924042
2,CASSTPDTPSSYNEQFF,STQWSLFFF,0,0,0.01085631549358368
2,CASSYSGTENGYTF,ILPDPSKPS,0,1,0.9773993492126465
2,TTDSWGKFEF,TVSCLPFTI,0,0,2.1665709937224165e-07
2,CAYNLGNTPLVF,GQARVAYQV,1,1,0.9138848185539246
2,CAAKGGGNKLTF,VDSITEVECFLTPEM,1,1,0.9999455213546753
2,CASSLGTTQETQYF,APISAMVRM,0,0,4.381916005513631e-05
2,CAVNSGGSNYKLTF,MSQIMYNYPAMMAHA,1,1,0.9999845027923584
2,CAWSLEERDTQYF,YCFFTSVPHKSC,1,1,0.8232759237289429
2,CAWSWTDYEQYF,AIKLDDKDP,0,0,0.0006714870687574148
2,CASFGGTGELFF,YTNDKACPL,0,0,0.002515346510335803
2,CATSDVAGGGGEQFF,SVTTEILPV,0,0,0.303488552570343
2,CASSFGAPGKPYEQYF,KPNELSRVL,0,1,0.9984879493713379
2,CSASVPAGQQNSSPLHF,SVLLFLAFV,0,0,6.142086203908548e-05
2,CASRRSLQGARGGYTF,TALALLLLD,0,1,0.5095622539520264
2,CAVSGGYQKVTFGIG,RSLAPEVRGYW,1,1,0.999936580657959
2,CASSPTGGQETQYF,LPFDKSTIM,0,0,0.0116511769592762
2,ALSDPVNDMR,HSRKKCDEL,1,1,0.7526386380195618
2,CASALAGGPAYEQYF,FLAFVVFLL,0,0,0.002869662595912814
2,TTDSWGKFEF,ALVYFLQSI,0,0,1.2346130461082794e-05
2,RTQSPRRR,RAISESDQPQHF,0,1,0.9999979734420776
2,CATDDNYGQNFVF,ALASCMGLI,0,0,0.08806848526000977
2,CASSPGESTDTQYF,QINDMILSL,0,0,0.21249040961265564
2,CASGFPIYRDKSTDTQYF,LLLTILTSL,0,0,0.0017548016039654613
2,CASGLVPGGGSDGYTF,YMPYIFTLL,0,0,0.0003244967956561595
2,CASSELDSRIIVHEQYF,ELGKYEQYIKWPWYIWLGFIAGLIAIVMVTIMLCCMTSCCSCL,1,0,0.00985987950116396
2,CAYRSPPSSEKLVF,YLVALGVNAV,1,0,2.8562222723849118e-05
2,CASSVGGAHEQYF,QADVEWKFY,0,0,0.002503292867913842
2,CASSLGASGRARLQETQYF,NPTIQKNVL,0,1,0.6590694785118103
2,CASSPVWRAGPVEQYF,LPSYAALAT,0,1,0.5626916289329529
2,CAVANARLMF,LLWNTVWNM,1,1,0.9949852228164673
2,CASSREPLNQPQHF,LSFKELLVY,0,0,0.38407865166664124
2,CATDATSGTYKYIF,VSGYVHFFRGLPLL,1,1,0.9722229838371277
2,CASSSRFWKINYGYTF,YLEGSVRVV,0,0,0.4042153060436249
2,CASSLGLAPGYEQYF,LITGRLQSL,0,1,0.9616277813911438
2,CASARGWGPAGGELFF,YLEGSVRVV,0,0,0.3802005350589752
2,CASSYGTDGGELFF,SIVAYTMSL,0,0,0.0006725216517224908
2,CASSLGTSGSTDTQYF,AMMFTSDLA,0,0,0.001022265525534749
2,CATSDFGVNTGELFF,TPAFDKSAF,0,0,0.007044263184070587
2,CASSLGHTGELFF,NSVTSSIVITSGDGTTSPISEHDYQIGGYTEKWESGVK,1,1,0.9335267543792725
2,CASSDPTGGYETQYF,GAIKLDDKD,0,0,0.0005696151638403535
2,CASRPTGGHNEQFF,GLIAIVMVT,0,0,9.733086335472763e-05
2,CLVGAEGQKLLF,YFLQSINFV,1,1,0.9963654279708862
2,CAMTYSGGYQKVTF,WNRKRISNCVADYSV,1,1,1.0
2,CASRGEGSYEQYF,VLGSLAATV,0,0,4.977523460070188e-08
2,AMRGDYGGSGNKLI,SQYYYNSL,1,1,1.0
2,CASTGSAGGSYGYTF,QVVSDIDYV,0,0,3.055466368095949e-05
2,CASSLSGGRTKNIQYF,KMFDAYVNT,0,0,4.329264993430115e-05
2,CASSLLGGSYEQYF,VTDVTQLYL,0,0,0.00028100391500629485
2,CAVFTSGTYKYIF,ALWALPHAA,1,1,0.9565914869308472
2,AALYGNEKIT,KAIYRFNAI,1,1,0.9765508770942688
2,CATSAQTGQGENTEAFF,QLCTQHQPY,0,0,0.11356110125780106
2,CAIRDNNEQFF,ALSGVFCGV,0,0,0.00017586239846423268
2,ASNENMETM,NSGTYQRF,1,1,0.9989907145500183
2,IQGNVTSIHSLLDEG,SLRDAKETQY,0,0,0.03346088156104088
2,CSAGGQGIHQETQYF,LPFDKSTVM,0,0,0.03740283101797104
2,CASSYGGVGNQPQHF,VVFLHVTYV,0,0,8.150145004037768e-05
2,CASSRATDTQYF,VLYQDVNCTEVPVAIHADQLTPTWRVYSTGSNVFQTRAGCLIG,1,1,0.9994094371795654
2,CASSAYNEQFF,LLLDDFVEI,0,0,1.2360351320239715e-06
2,CAISFPGQGDTEAFF,TMADLVYAL,0,1,0.9068916440010071
2,CASSLLAVDNEQFF,MVTNNTFTL,0,0,2.6190242351731285e-05
2,FERFEIFPK,ASGGGRGSYAEQ,0,0,0.002485714852809906
2,CASSSHDRTGRRSPLHF,SLIDLQELGKYEQYIKW,1,0,0.29173997044563293
2,AMREDTGNQFY,FLRGRAFGL,1,1,0.8049895167350769
2,CASSPRQEGETQYF,MDLFMRIFTIGTVTLKQGEIKDATPSDFVRATATIPIQ,1,1,0.9999958276748657
2,CALLYNNNDMRF,YNYLYRLFRKS,1,1,0.9999995231628418
2,CASSLSRRRSRDDNEQFF,SLIYSTAAL,0,0,1.4651489436801057e-05
2,CVVNRGSSYKLIF,IAQYTSALL,1,1,0.9994725584983826
2,CASSQDSPRAGFSDTQYF,ALYYPSARI,0,0,4.967408585798694e-06
2,ASNENMDAM,SSSRSGARAEQ,0,0,0.0034678680822253227
2,CAVRGDSGYSTLTF,LLQYGSF,1,1,0.8859741687774658
2,CATDTTSGTYKYIF,AAQNVHFWKALNQL,1,1,0.9999784231185913
2,CAVSSPQGGSEKLVF,GRMPLVAPK,1,1,0.9999990463256836
2,CASSPGTGEQYF,ILFTRFFYV,0,0,4.652969801099971e-05
2,ASNSGGSNAKLT,IYSTVASSL,1,1,0.999970555305481
2,CAMSDSGGYQKVTF,NASVVNIQKEIDRLN,1,1,0.9999991655349731
2,CASSQTAGTGELFF,NLSDRVVFV,0,0,0.019362352788448334
2,CATYNFNKGFYF,VQVMLNNPK,1,1,0.9377725720405579
2,CSARDPGRLDTGYEQYF,LPKEITVAT,0,0,0.320583313703537
2,CASSDGGSSGNTIYF,SSDNIALLV,0,0,0.12780576944351196
2,SLYFCASSARTANTEVFFGKGTRLTVV,IASNENMETMESSTLE,1,1,0.9995538592338562
2,CASRVTISYQETQYF,VTDNTFTLK,0,0,0.004383025225251913
2,CASSPFPGGPSSYNEQFF,NILRIYYSPSIMHRYAVVQP,1,1,0.9999402761459351
2,CAASINSGNTPLVF,PAAVAANREAFLALI,1,1,0.9999537467956543
2,CAWSLQTGGGSSYEQYF,YGFLVPNPTKAT,1,1,0.9999997615814209
2,CATDTTSGTYKYIF,SEGSIHFFKADLLS,1,1,0.9999988079071045
2,CAVLIAGGRNEQFF,MPLSAPTLL,0,1,0.9967478513717651
2,CASSRGQPDEAFF,KLPDDFMGC,0,0,7.891120503700222e-07
2,CAISLMGTEAFF,HTQGYFPDW,1,1,0.9905407428741455
2,CATDTTSGTYKYIF,RLSVVHFLRANAVS,1,1,0.9999675750732422
2,CASSSLLQGVDYGYTF,HLLLVAAGL,0,0,8.397455530939624e-06
2,CASSVEEPGTVYEQYF,FLVLLPLVS,0,0,0.043283265084028244
2,CAVDTGGGKTIF,LPFDKATIM,0,1,0.9980019927024841
2,CASSLLRVSGANVLTF,SLSSTASAL,0,1,0.9983654618263245
2,CASSQRLAGLDNEQFF,RTIKVFTTV,0,0,3.715886123245582e-06
2,CASILRAESSYNEQFF,FLLPSLATV,0,0,3.665879830805352e-06
2,CARGLQFF,NSVTSSIVITSGDGTTSPISEHDYQIGGYTEKWESGVK,1,1,0.9972003698348999
2,CAWSLEERDTQYF,VHYRGSSPHKAL,1,1,0.9999998807907104
2,CAAKGGGNKLTF,VDSITEVECALTPEM,1,1,0.999976634979248
2,CAVDPILTGGGNKLTF,AGILARNLVPM,1,1,0.9999970197677612
2,CASLGTPGLAGSSYEQYF,FLNKVVSTT,0,0,0.004409654997289181
2,CASSLLYSDSPLHF,LIIMRTFKV,0,0,2.6322675694245845e-05
2,AMRGDYGGSGNKLI,INFDFNTI,1,1,0.9999984502792358
2,CSARDPILNTEAFF,FLCWHTNCY,0,0,0.13068442046642303
2,CASSIQNTGELFF,KQLPFFYYS,0,0,0.25372597575187683
2,CAVNAGGSTLGRLYF,LPFDKPTIM,1,1,0.998572826385498
2,TTDSWGKFEF,YTVELGTEV,0,0,1.2309142505273485e-07
2,CASSLELAGVDTQYF,FKDNVILLN,0,1,0.9999836683273315
2,CAVNAGGSTLGRLYF,LPFEKSTVM,1,1,0.9997827410697937
2,CASSLVRANQPQHF,APLLSAGVF,0,0,0.0010854401625692844
2,CASSYPLGTQYF,FSNVTWFHA,0,0,0.0003240967052988708
2,CASSQDPSGYTDTQYF,FLLPSLATV,0,0,9.90631178865442e-07
2,CAASGTSTLTF,VDSATEVECFLTPEM,1,1,0.9991580247879028
2,CAVEETSGSRLTF,TYNAELLVLLENERT,1,1,0.9999920129776001
2,CASSPVGPNTQYF,VLYENQKLI,0,0,0.11461882293224335
2,CASSGQGMGNSPLHF,VMCGGSLYV,0,0,0.011828321032226086
2,CALSDNYGQNFVF,VYAIFIFQL,1,0,0.0021336420904845
2,YLQPRTFLL,FYTGGFKTIF,1,0,0.004608174320310354
2,CASRIGTTNEQYF,YHGAIKLDD,0,1,0.8129873275756836
2,CAASINSGNTPLVF,PPAIAANRTLLMTLV,1,1,0.9998390674591064
2,RGSSYTK,RREVHTYY,1,1,0.9999946355819702
2,CASINSPGGEDTGELFF,MQVESDDYI,0,0,0.0004867051902692765
2,ASSLERGRAEAF,KVCEFQFCNDPFLGVYYHK,1,1,1.0
2,CAVRRGTDKLIF,TTVTFLPTPSLILQT,1,1,0.9999996423721313
2,CASSLRWTMAAPSTDTQYF,LPSYAALAT,0,1,0.8481000065803528
2,CASKVWGGLEPEAFF,YTVSCLPFT,0,1,0.9510982036590576
2,CASSLWGHQPQHF,SVTTEILPV,0,0,0.13608521223068237
2,CAASINSGNTPLVF,PLLVAANRHQLVSLV,1,1,0.9964158535003662
2,CAVSDQGRDDKIIF,FIKQYGDCLGD,1,1,0.999114453792572
2,AASAYAQGLT,HNTNGVTAACSHE,1,1,0.9999568462371826
2,CASSTTFSGGWSEQFF,HLMSFPQSA,0,1,0.7949435114860535
2,CASSVQEEYGYTF,YGFQPTNGV,0,0,0.005019965581595898
2,CILRDSSYKLIF,IHVRAWIGF,1,1,0.9845624566078186
2,AHPSK,ILSPFIPLL,1,1,0.9970890879631042
2,CALDSSASKIIF,YVDDVVLGA,1,1,0.6869843006134033
2,CASSRTGSGYTF,RYSIFFDYM,1,0,0.0002693769056349993
2,CASSLGGEQYF,TMADLVYAL,0,1,0.7323741912841797
2,CASSLTNPRQGAYNEQFF,HSDKFTDGV,0,0,2.635342752910219e-06
2,CASTLGTEAFF,GVYDYLVST,0,0,0.22353434562683105
2,CAALNYGGATNKLIF,NYIKWPWWVW,1,1,0.9999860525131226
2,CASTVDSNYQLIW,IVCPICSQK,1,1,0.998225748538971
2,CVVADDKIIF,AIMDKNIIL,1,1,0.9955723285675049
2,CASSFGASGSVGELFF,LSPRWYFYY,0,0,0.00671598082408309
2,CASSPYPRTGGTDTQYF,LLNKHIDAY,0,0,0.44072431325912476
2,ASGSEQY,HPVAEADYFEY,1,1,0.7482668161392212
2,NLYAG,SIVSPFIPLL,1,1,0.9999990463256836
2,CSARTATGGQSGYTF,WLIVGVALL,0,0,0.0005901434924453497
2,AMRGDYGGSGNKLI,INFDANTI,1,1,0.9999959468841553
2,CAETLNTGFQKLVF,ALQIPFAMQM,1,1,0.9390822649002075
2,AMRGDYGGSGNKLI,INFVFNTI,1,1,0.9999837875366211
2,CASSADQLEQFF,ATSRMLSYY,0,0,0.0009730517631396651
2,CASNSLDREDGNTIYF,GLIAIVMVT,0,0,0.00023811768915038556
2,CGTENQAGTALIF,RFQTLLALHRS,1,1,0.9999604225158691
2,CASSLPLGAQYF,NSTRFASVY,0,1,0.9370554089546204
2,CASSQGSGWETQYF,RIMASLVLA,0,0,0.07160070538520813
2,CAAKGGGNKLTF,VDSITEVECFLTPEA,1,1,0.9999455213546753
2,ATDTTSGTYKYI,ATDTTSGTYKYIFGTGTRLKVLA,1,0,0.12597699463367462
2,CASSPSSGESTDTQYF,SMWSFNPET,0,0,0.4248864948749542
2,CAASETSGSWQLIFG,ASNENMATM,1,0,0.0005143642774783075
2,CATDTTSGTYKYIF,FLKKFHFLKGATLC,1,1,0.9999998807907104
2,CASSHEWGSNTGELFF,KPLPEVKIL,0,0,0.03888310492038727
2,CASSPSDPGELFF,TIVEVQPQL,0,1,0.9847295880317688
2,CATSETVAGGTGELFF,YIDIGNYTV,0,0,5.708320713893045e-07
2,CASSEFSRVVKTQYF,ELYSPIFLI,0,0,0.055722128599882126
2,CASSVSQKLFF,VLSTFISAA,0,1,0.7191035747528076
2,CAVSGGYQKVTFGIG,RTYVPEIKHRW,1,1,0.9998960494995117
2,CASSEFGTFQETQYF,KQLIKVTLV,0,0,0.004608871880918741
2,CSASGRESDTQYF,RLNQLESKV,0,0,0.2364882230758667
2,CAVSTDYNQGGKLIF,LIVAAIVFI,1,0,0.38613349199295044
2,CAEDTGRRALTF,HTMLCMCCK,1,1,0.9984797835350037
2,CASTRGQGRDGELFF,FMCVEYCPI,0,0,0.0019054299918934703
2,FLRGRAYGL,ILPLAGGTSYGKLT,0,0,0.37884044647216797
2,CASSMNPQGGSSPLHF,PVTLACFVL,0,0,0.0028761853463947773
2,CATDTTSGTYKYIF,VSGYVHFFRGLPLL,1,1,0.9711441397666931
2,CASSYSSRLQYF,IKLDDKDPN,0,1,0.9046571254730225
2,CAASSQGGSEKLVF,IDRLITGRLQSLQTY,1,1,0.9998716115951538
2,CASIRGRSAFF,LLEWLAMAV,0,0,0.2819342017173767
2,CATDTTSGTYKYIF,IEAAIHFYKGLAVY,1,1,0.9998188614845276
2,CSARFSANGEQYF,YYKKDNSYF,0,0,0.0005842496757395566
2,ALSEGGNYKYV,VNVDYSKL,1,1,0.9999997615814209
2,CASSLTRTALNTEAFF,ELYHYQECV,0,0,0.006693424191325903
2,CASSEGLNNEQFF,KIILFLALI,0,0,0.0004550666199065745
2,CAVSSPQGGSEKLVF,SRVMLLNPK,1,1,0.9999428987503052
2,CAASINSGNTPLVF,PALVAANRSGLISLV,1,1,0.9996545314788818
2,CASSYSVRDYEQYF,KLPDDFTGC,0,0,8.15499276995979e-07
2,CASSFLRFRENTGELFF,MFHLVDFQVTIAEILLIIMRTFKVSIWNLDY,1,0,0.0078070154413580894
2,AVSGGSALGRLH,FQDAYNGAGGHNAVF,1,1,0.9999966621398926
2,CSARDWTASTDTQYF,HLMSFPQSA,0,1,0.8777804374694824
2,CASSPPLAGGYEQYF,FVFPLNSII,0,0,0.005542087834328413
2,CASSGREAFF,YYRYNLPTM,0,0,0.00012331458856351674
2,CASSVRDSAQHLTF,GTDLEGNFY,0,0,0.0005054720095358789
2,CSAYRVMSHEQYF,TPHTVLQAV,0,0,0.11394449323415756
2,CASSPPRTSGAYEQYF,NLDYIINLI,0,0,0.22518964111804962
2,CASSYTGTEQYF,WLDMVDTSL,0,0,0.0011981888674199581
2,CASSLLQGARTEAFF,SLIDLQELGKYEQYIKW,1,1,0.935019314289093
2,CAVNQDDKIIF,YLQPRTFLLK,1,1,0.8556351065635681
2,IQGNVTSIHSLLDEG,AMSARSGNTPLV,0,1,0.9999549388885498
2,CASREYPGLAAQETQYF,DDKDPQFKD,0,1,0.987385630607605
2,IVVRSSNTGKLI,VMAPRTLIL,1,1,0.999983549118042
2,CAVSGGYQKVTFGIG,KSLAPEVRDLF,1,1,0.999956488609314
2,CASSSLELYEQYF,GLIAIVMVT,0,0,9.210431016981602e-05
2,AALYGNEKIT,KAVANFATM,1,0,0.1332872360944748
2,AALYGNEKIT,KCSRNRQYL,1,1,0.9984003901481628
2,CAVNGGGSNYKLTF,MSQIMYNYPAMMAHA,1,1,0.9999880790710449
2,FSGGANYKL,SRYWAIRTR,1,1,0.9999557733535767
2,CATDATSGTYKYIF,DVSKVHFFKGNGQT,1,1,0.999990701675415
2,CATDATSGTYKYIF,SEGSIHFFKADLLS,1,1,0.9999990463256836
2,CASSWGTAYNSPLHF,TLIVNSVLL,0,0,0.0002544667513575405
2,TTDSWGKFEF,NTLQCIMLV,0,0,0.0015017648693174124
2,CAVQARSWGKLQF,RSGPPGLQGRLQRLLQASGNHAAGILTM,1,1,0.9999982118606567
2,CAVNTPNDYKLSF,MVTNNTFTL,1,0,0.3499842882156372
2,CASSLDLTETQYF,VPMEKFKTL,0,0,6.935027340659872e-05
2,CASSEWTGNTEAFF,SLENVAFNV,0,0,0.0001689506898401305
2,CASSPDPTGDADYGYTF,LPFDKATIM,0,0,0.006645392160862684
2,CASSFSSGPGLDTIYF,FVMMSAPPA,0,1,0.9991958737373352
2,CATDTTSGTYKYIF,MNASIHFLKALETY,1,1,0.9999985694885254
2,CAVNGGGSNYKLTF,MSQIMYNYPAMLGHA,1,1,0.9999980926513672
2,AAPAYQGGRALI,RGYVYKGL,1,1,1.0
2,CAVSSPQGGSEKLVF,ARVMLVAPR,1,1,0.9931355714797974
2,CASSQDPGPDTQYF,FLEGETLPT,0,0,0.08407031744718552
2,CASSNQRDGMNQPQHF,SPYNSQNAV,0,1,0.6286009550094604
2,CAASETSGSWQLIFG,NSNENMETM,1,0,0.2403082698583603
2,CAVNAGGSTLGRLYF,LPFEKSTIM,1,1,0.9994516968727112
2,CVVTEYSGGGADGLTF,QDVEIPPNI,1,1,0.9998644590377808
2,CWNAFTGNQFYF,VIGNDTTVTF,1,1,0.5847788453102112
2,TYFCAASNTGGLS,NKRSEANPANPPSFA,1,1,0.9999737739562988
2,CAVNSGGSNYKLTF,MSQIMYNYPAMLGHA,1,1,0.9999974966049194
2,CAVSGGYQKVTFGVG,LAITPEIAPYF,1,1,1.0
2,CAVSSNSGYALNF,TNILLNVPLHGTILTRP,1,1,0.9998924732208252
2,CASSEGDRVAYNEQFF,AGCLIGAEHVNNSYECDIPIGAGICASYQTQTNSPRRARSVAS,1,1,0.9208247065544128
2,CASTIGGDTGELFF,FLRDGWEIV,0,0,0.0017834021709859371
2,CASSYLNSYNEQFF,FLGIITTVA,0,0,2.350257545913337e-06
2,CVVRNNNARLMF,VTNNTFTLK,1,1,0.9193902611732483
2,CAVGDGSGGSYIPTF,LNKIVRMYSPTSILD,1,1,1.0
2,CASSQKGPGKGETQYF,VLSTFISAA,0,0,0.0010921941138803959
2,CASSPAPNTEAFF,TYHWLLLTI,0,0,1.8405640730634332e-05
2,CALSSGGSYIPTF,EIRASANLAAT,1,1,0.9993150234222412
2,CAYRSPRGANSKLTF,GDPDMMRYVDKYGQL,1,1,0.9951595664024353
2,CASSFISQGAYGYTF,TLSGTWLTY,0,0,3.661606751848012e-05
2,CAVRDSRGGATNKLIF,NKDMLPCYSVARIPL,1,1,1.0
2,CATNPAGGPYNEQFF,ILFTRFFYV,0,0,0.02901129238307476
2,CVVNKNGYGQNFVF,VFAQVKQIYKT,1,1,0.9990519881248474
2,CASSPGQGRTPSYNEQFF,YRINWITGGIAIAMACLVGLMWLSYFIASFRLFARTRSMWS,1,1,0.9997162222862244
2,NLYAG,NILSPFLPLL,1,1,1.0
2,CATVLPTQGGSEKLVF,TMMDLVYAL,1,1,0.9998356103897095
2,CASSFGTGGRGTQYF,KLPDDFTGC,0,0,7.914922548479808e-07
2,CASSLLSGSSYEQYF,DDKDPQFKD,0,1,0.9937671422958374
2,CSAGGQGIHQETQYF,LPFDKATIM,0,0,0.012336762621998787
2,NLYAG,NILSPFIPLL,1,1,0.9999998807907104
2,ILPLAGGTSYGKLT,TLRGRAYGL,1,1,0.9716508984565735
2,CAVRDTRDTGFQKLVF,KIILFLALI,1,1,0.9267876744270325
2,CASSSHDFQGARAEQYF,SLIDLQELGKYEQYIKW,1,0,0.45213279128074646
2,CASSFSGTRQYF,VLSFCAFAV,0,0,1.8263105516780342e-07
2,TYFCAASARSNYQLIW,SLGAYLSQVALQAAL,1,1,0.9995805621147156
2,CAAFGNKLVF,VTNNTFTLK,1,1,0.988381564617157
2,FLRGRAYGL,ILPLAGGTSAGKLT,0,1,0.986368715763092
2,CSARSLAVSTDTQYF,AIILASFSA,0,0,5.216562385612633e-06
2,CASSLMGTEAFF,LSFKELLVY,0,1,0.9568196535110474
2,CAVSESPFGNEKLTF,YVKQNTLKL,1,0,0.006844069343060255
2,CAASINSGNTPLVF,PEVVAANRALLAALV,1,1,0.999920129776001
2,CVVNRGSNYQLIW,LLQYGSFCTQL,1,1,0.9919551014900208
2,CAISESSRGVDGYTF,KLDGFMGRI,0,0,0.00032045127591118217
2,ASSRANYEQY,SIYRYYGL,1,1,0.9999992847442627
2,CAGDWTGNQFYF,LVKNKCVNFNF,1,1,0.8073706030845642
2,CASSLLGYEQYF,ALNTPKDHI,0,0,0.013110261410474777
2,CATDTTSGTYKYIF,SSARLHFFRALPHP,1,1,0.9999871253967285
2,CAAKGGGNKLTF,VDSITEAECFLTPEM,1,1,0.9999159574508667
2,CASSRSFAGGDTDTQYF,HSYFTSDYY,0,0,1.8142305634682998e-05
2,AVSGFASALT,SIINFEKL,1,1,1.0
2,CASSGLAGGPHEQFF,ALLSDLQDL,0,0,0.005513353738933802
2,IMYNYPAM,ASSLRDRVQNTLY,0,1,0.99286288022995
2,CATDTTSGTYKYIF,IIPAFHFLKSEKGL,1,1,0.999998927116394
2,CASSFSGTGESYEQYF,RVVVLSFEL,0,0,2.524378714952036e-06
2,CASSYSTSQGANYEQYF,MSDVKCTSV,0,0,6.182279321365058e-06
2,CASSQGEGANQPQHF,SLLSVLLSM,0,0,0.07885313779115677
2,CASSPGTDTQYF,LTYHGAIKL,0,0,0.0001188262685900554
2,CASSGNTPLVF,RLQSLQIYV,1,0,0.011535998433828354
2,CSARLRDKDYEQYF,LTNDDTSRY,0,0,3.483272666926496e-05
2,CAAKGGGNKLTF,VASITEVECFLTPEM,1,1,0.9995542168617249
2,ATDTTSGTYKYI,QRCRVHFMRNLYTAV,1,1,0.9999988079071045
2,CAVRALGNAGNMLTF,RSGGFSFGK,1,0,0.4426175355911255
2,CAESYSGNTPLVF,YNYLYRLFRKS,1,1,0.9999911785125732
2,VLGDRQGGRALI,KAVYNFATM,1,0,0.4856087863445282
2,CATDATSGTYKYIF,YKHKIHFFKNEVLE,1,1,0.9999985694885254
2,CASSPRGFDAGGYWLDLRF,IDLLLQRGPQYSEHPTFTSQYRI,1,1,0.9999579191207886
2,ATDTTSGTYKYI,EKPKFEAYKAAAAPA,1,1,1.0
2,CASSHKTGTLSYEQYF,MLNPNYEDL,0,0,3.096161162829958e-05
2,QTSMYLCASSLGGTEAFFGQGTRLT,TLLANVTAV,1,0,0.008279894478619099
2,CASSLSGGGHTDTQYF,KAYDVTQAF,0,0,0.010927603580057621
2,CAVWGRNTDKLIF,QSRGDENRGW,1,1,0.9986125230789185
2,AGQPLGGSNYKLT,VMAPRTLIL,1,1,0.9999750852584839
2,CSARGQGTSGVDYGYTF,ITSGWTFGA,0,0,6.145230599940987e-07
2,CASSQKPGQDHYEQYF,MFLARGIVF,0,0,9.237874473910779e-05
2,CASSPYWTGGDEKLFF,KLNIKLLGV,0,0,6.594056321773678e-05
2,CAPDSWGKLQF,LSPRWYFYY,1,1,0.9994878768920898
2,CASSPYPSRGSNEQFF,PQFKDNVIL,0,0,0.37486281991004944
2,AMRGDYGGSGNKLI,IAFDFNAI,1,1,0.9999991655349731
2,CASSQVAAGDNSYEQYF,KIILFLALI,0,0,0.00022405930212698877
2,CAVSSPQGGSEKLVF,GRQPVPLWR,1,1,0.9999996423721313
2,AVTTDSWGKLQ,LLFGYAVYV,1,1,0.9982715845108032
2,AALYGNEKIT,KAVSNFATM,1,0,0.13464874029159546
2,CVVTEYSGGGADGLTF,IMIEFCPGG,1,1,0.9999732971191406
2,ASSRANYEQY,FAPGNYPAL,1,1,0.9998747110366821
2,CASSTSGETGELFF,NVILLNKHI,0,0,0.0006103904452174902
2,CSATPSLGPEQPQHF,LPDDFMGCV,0,0,0.015511452220380306
2,CASSLGPAGAHNEQFF,FVAAIFYLI,0,0,0.0006611950229853392
2,CASSSSGYNEQFF,VFLVLWPLV,0,0,0.0001374344137730077
2,CASSLDAETQYF,SPRRARSVA,0,1,0.9991006851196289
2,CSARDTGMGTGELFF,LMCQPILLL,0,1,0.9999353885650635
2,CWNIFTGNQFYF,VIGNDTTVTF,1,1,0.923747181892395
2,CATDTTSGTYKYIF,ENAVVHFFRSLVSS,1,1,0.9999957084655762
2,CVVTEYSGGGADGLTF,LHMEFCSCC,1,1,0.9999998807907104
2,ASSQDWGFQDTQY,LTSLTPRCNTA,1,1,0.9999951124191284
2,CATDATSGTYKYIF,AAQNVHFWKALNQL,1,1,0.9999809265136719
2,AMREDTGNQFY,TLRGRAYGL,1,1,0.9249592423439026
2,ASDRGSALGRLH,HALNVVHDW,1,1,0.9999995231628418
2,CATSDQHGSSEQFF,MLNPNYEDL,0,0,4.64617223769892e-05
2,CAASINSGNTPLVF,PLLVAANRNAFAQLV,1,1,0.9942598342895508
2,CVVATYSGGGADGLTF,FDVMVMPNL,1,1,0.9997273087501526
2,CASSQDPETGRTDTQYF,YTERSEKSY,0,0,1.2690140465565491e-05
2,CGLGDAGNMLT,GTSGAPIVNR,1,1,0.9941180944442749
2,CASSLTSGSISTQYF,FSDVTWFHA,0,0,0.00011575696407817304
2,CSAPWTGQRINEKLFF,KDNVILLNK,0,1,0.9726374745368958
2,CAFRVSHDMRF,IMIEFCPGG,1,1,0.9999836683273315
2,CWNNGNDYKLSF,LGSDNRLTR,1,1,0.9996199607849121
2,ASSRANYEQY,SIFNFEKL,1,1,1.0
2,CAYNQGGKLIF,GAVECCPNC,1,1,0.999996542930603
2,CAVASYGNKLVF,LPLKMLNI,1,1,1.0
2,CSARDPQRTTSTDTQYF,MIAQYTSAL,0,0,0.09314354509115219
2,CASSFGTSGTEQYF,QINDMILSL,0,0,0.25848764181137085
2,AANQGGRALI,GLNGPDIYKGVYQFKSVEFD,1,1,0.9986076951026917
2,CASSEKAIYEQYF,LPKEITVAT,0,1,0.5237061381340027
2,GILGFVFTL,ILTGGGNKLTF,1,0,0.3558502197265625
2,CALSDPNGGSNYKLTF,GFVFTLTVPSE,1,1,0.9838038086891174
2,CASSEALAGASSETQYF,ELGKYEQYIKWPWYIWLGFIAGLIAIVMVTIMLCCMTSCCSCL,1,0,0.058742061257362366
2,CASSLPPSTGANVLTF,FISTCACEI,0,0,0.00011129072663607076
2,CATDTGRRALTF,QSAPHGVVFL,1,1,0.9868034720420837
2,CASSSRDRVGETQYF,GVYDYLVST,0,0,0.10015012323856354
2,CSATPGLAGGEQYF,DNVILLNKH,0,0,0.028203265741467476
2,CASSLTGYNEQFF,LLSVCLGSL,0,0,0.0018568184459581971
2,CATSEYYHRDQNTGELFF,FITESKPSV,0,1,0.8941870927810669
2,CAVHNAGNMLTF,SFSTFKCYGVS,1,1,0.9999996423721313
2,GILGFVFTL,NAGNNRKLIW,1,1,0.9996582269668579
2,CASSLLGGRGNTGELFF,MFDAYVNTF,0,0,0.0013242962304502726
2,CASSQDRGTWEQYF,KWPWYIWLG,0,1,0.976409912109375
2,CASSQDLMEETQYF,FLWLLWPVT,0,0,0.017284909263253212
2,CAASRSTGGFKTIF,VDSITEVECALTPEM,1,1,0.9999101161956787
2,CASSLNRPYPLQENTEAFF,LLNKHIDAY,0,1,0.7442755103111267
2,CAVYGGSQGNLIF,LLLGIGILVL,1,0,0.13459593057632446
2,CAPPRVNSGGSNYKLTF,QSRGDENRGW,1,0,0.27561062574386597
2,CASSITESGKGNTIYF,FLTENLLLY,0,1,0.9696122407913208
2,CSAGPTSGRTDTQYF,LPFERATIM,0,0,0.23629817366600037
2,CAASGTSTLTF,VDSITAVECFLTPEM,1,1,0.999468982219696
2,CAASRSTGGFKTIF,VDSITEVECFLTPEM,1,1,0.9997166991233826
2,CAMREPRATSGSRLTF,TIHDIILECV,1,1,0.9879792928695679
2,CASSFWGLAGGYNEQFF,TYHWLLLTI,0,0,1.1681121577566955e-05
2,ASNSGGSNAKLT,IYATVAGSL,1,1,0.9961309432983398
2,CAAKGAAGNKLTF,VDSITEVECFLTAEM,1,1,0.9996359348297119
2,CASSDGTSGRAGGELFF,TLACFVLAA,0,0,1.736257763695903e-05
2,CAYNQGGKLIF,QDVEIPPNI,1,1,0.9999654293060303
2,AHPSK,SIVSPFIPLL,1,1,0.9999141693115234
2,CASSYAPGTIFDF,ALALLLLDR,1,0,0.000128903950098902
2,AALYGNEKIT,KAVYNFAT,1,1,0.6917136311531067
2,AHPSK,IVSPFIPLL,1,1,0.999728262424469
2,AAVVRFQEAANKQK,AMSARSGNTPLV,0,1,0.9999759197235107
2,CAVDTGGGKTIF,LPFDKSTIM,0,1,0.999396800994873
2,CVVATYSGGGADGLTF,KTVGIYPNA,1,1,0.9823217391967773
2,CAVSSPQGGSEKLVF,SRIMLLAPK,1,1,0.9997386336326599
2,CAVSGGYQKVTFGIG,LSLRPEIPLFF,1,1,0.9999947547912598
2,FLRGRAYGL,ASSLAQAYEQY,0,1,0.8952547907829285
2,CASSLWTGYNEQFF,NMMVTNNTF,0,0,0.002133614383637905
2,CASATWGDPNQPQHF,KDNVILLNK,0,0,0.32857224345207214
2,CAGSRWGGWGKLQF,TYGPVFMCL,1,1,0.9983398914337158
2,CASSWTQETQYF,LLDRLNQLE,0,1,0.9999263286590576
2,ASSQDWGFQDTQY,DEPLTSLTPRCNTAWNRLKL,1,1,0.9999991655349731
2,CAWSVGVSGANVLTF,FVTVYSHLL,0,1,0.9892796874046326
2,CAVEGYSNYQLIW,LPFDKSTIM,1,1,0.9998075366020203
2,CASSGGYEKLFF,IPVAYRKVL,0,0,0.35852810740470886
2,CASVYLAGTMDTQYF,RLNQLESKV,0,1,0.8830573558807373
2,CASSLEAAIVFF,FMCVEYCPI,0,0,0.002510097110643983
2,CASSETGTSGDEQYF,QLLFVVEVV,0,0,0.0003446221526246518
2,SLYFCASSGGANTGQLYFGEGSKLTVL,IASNENMETMESSTLE,1,1,0.9989041090011597
2,CAVVHNAGNMLTF,LQASGNHAAGILTM,1,1,0.9999997615814209
2,CAASINSGNTPLVF,PVVVAANRSAFVQLV,1,1,0.9965925812721252
2,CASSYSQGGSYGYTF,SLPGVFCGV,0,0,0.00013120746007189155
2,CASNLRQGAGELFF,LPKGIMMNV,0,0,0.003249207977205515
2,ASSRANYEQY,SIINFEKL,1,1,1.0
2,CALTLQNRDDKIIF,ATFTSYRSWYLA,1,1,0.799185574054718
2,CATFAASKEQFF,TWLTYTGAI,0,0,0.0016639591194689274
2,CAWSLQTGGGSSYEQYF,REYRIACPVKST,1,1,0.9996895790100098
2,AHPSK,NILSPFLPLL,1,1,0.9999997615814209
2,CATDTTSGTYKYIF,LESVVHFLRGQKVT,1,1,0.9999972581863403
2,CVVNERYSTLTF,HTMLCMCCK,1,1,0.9949583411216736
2,CASIGSGYNEQFF,FVSEETGTL,0,0,0.00013038791075814515
2,NLYAG,TLSPFLPLL,1,1,0.9999980926513672
2,CASSLTGDHTDTQYF,AMAVMLLLL,0,0,0.00010152425966225564
2,CAYSNDYKLSF,KQLLFVLEV,1,0,0.0008030858589336276
2,CASSLRGSAGNTIYF,VLCNSQTSL,0,0,0.05179183930158615
2,CASSESRDYNYGYTF,NTFSSTFNV,0,0,2.9300526875886135e-05
2,CASSDRFWEQYF,YQVNGYPNM,0,0,0.0063141039572656155
2,CAVNAGGTSYGKLTF,LPVNVAFEL,1,1,0.990967333316803
2,CATDATSGTYKYIF,HRAKLHFFKDENLK,1,1,0.9999333620071411
2,CASSSGEGTEAYNEQFF,APRITFGGL,0,0,1.706988996375003e-06
2,CAVEGTGANSKLTF,YENQKLIANQFNSAI,1,1,0.9999998807907104
2,CASRMGHTDTQYF,FMIDVQQWG,0,1,0.938458263874054
2,CAISLMGTEAFF,NTQGYFPDW,1,1,0.9996107220649719
2,CAVGNNNDMRF,GTTLEQQYNK,1,1,0.9993277788162231
2,CAVSSPQGGSEKLVF,GRVPLRAPK,1,1,0.999800980091095
2,CASQSNTGNQFYF,PSPSMGRDIKVQFQS,1,0,1.9907041860278696e-05
2,CGTGSGGGADGLTF,ESEERPPTPY,1,0,0.1629406362771988
2,CAIRQFDANTGELFF,RCMLQCPSV,1,1,0.9966541528701782
2,CAYNQGGKLIF,IMIEFCPGG,1,1,0.9999923706054688
2,DATAS,KLVANNTRL,1,0,3.0753504688618705e-05
2,CATRERQGWVEAFF,DQVILLNKH,0,1,0.9945350885391235
2,CASSWVSGTLGNTIYF,FAFPFTIYS,0,0,0.0027464712038636208
2,AALYGNEKIT,KAVYNFATM,1,0,0.29612621665000916
2,CATDATSGTYKYIF,MNASIHFLKALETY,1,1,0.9999985694885254
2,IHSLLDEGKQSLTKL,SLRDAKETQY,0,0,0.003371002385392785
2,CASSQDGGGNPGVYF,NTLQCIMLV,0,0,0.02716047316789627
2,SSIEFARL,AAVSNYNVLY,0,0,0.02022065408527851
2,CAVSSPQGGSEKLVF,ERSSYWARRR,1,1,0.9918696880340576
2,CAVEGYSNYQLIW,LPFERATIM,1,1,0.9999508857727051
2,CASSLSRDRVGHEQYF,LSRLDKVEAEVQIDRLITGR,1,0,0.07220841199159622
2,CASTQGYNEQFF,YQDVNCTEV,0,0,1.876927854027599e-05
2,CASSPWTGARGYTF,LTSHTVMPL,0,1,0.7252932786941528
2,CAVVHNAGNMLTF,LHGAGNHAAGILTL,1,1,0.9999996423721313
2,CASSPRTSGNTYEQYF,FYWFFSNYL,0,0,0.0011950470507144928
2,CAAKGAAGNKLTF,VDAITEVECFLTPEM,1,1,0.9998326301574707
2,CAASGTSTLTF,VDSITEVECFLTAEM,1,1,0.9334006309509277
2,AMRGDYGGSGNKLI,SQYVYNSL,1,1,1.0
2,AMRGDYGGSGNKLI,INFAFNTI,1,1,0.9999895095825195
2,CSARDPGLAFYNEQFF,GVPINTNSSPDDQIGYYRRATRRIRGGDGKMKDLSPRW,1,1,0.9995474219322205
2,CASTLSTDRGFTGELFF,TLSEQLDFI,0,0,0.020452706143260002
2,CALDSSASKIIF,YIDDVVLGA,1,1,0.7252258658409119
2,CVVATYSGGGADGLTF,IMIEFCPGG,1,1,0.9999816417694092
2,CASSFWTSGYEQYF,KMVSLLSVL,0,0,0.31112152338027954
2,CVVKSRGGGGKLIF,QFCNDPFLGVYHKNNK,1,1,1.0
2,CASSSRPSSGRMYEQFF,VMYASAVVL,0,0,0.0013931646244600415
2,ASGNTPLV,NMYAMMIARFKMFPEVKEKG,1,1,0.9999994039535522
2,CASSQDDSWGYGYTF,KLDGFMGRI,0,0,0.0003260218072682619
2,CATDERNNNARLMF,RYSIFFDYM,1,1,0.9476664662361145
2,AVSGGSALGRLH,QQWNFAGIEAAASA,1,1,1.0
2,CVVPLYSSASKIIF,NNILIATCV,1,1,0.9875286817550659
2,CAASGNQFYF,KLINIIIWF,1,0,0.0007643007556907833
2,CAASINSGNTPLVF,PAAVAANRDAFVQLV,1,1,0.9972276091575623
2,CASSPDPTGDADYGYTF,LPFDKSTVM,0,0,0.017872218042612076
2,CASSFSPVYGYTF,LITGRLQSL,0,1,0.929019570350647
2,CATSRNRGDGYTF,YVVDDPCPI,0,0,0.0017696828581392765
2,CASSPSMETQYF,QVILLNKHI,0,0,0.00028437201399356127
2,CAVVHNAGNMLTF,GAGNHAAGILTL,1,1,0.9990634322166443
2,CASSEAGGGYEQYF,IFLWLLWPV,0,0,0.00016236085502896458
2,CAPSWGKLQF,ALLAVFQSA,1,1,0.6953685879707336
2,TTDSWGKFEF,VLGSLAATV,0,0,1.924053094626288e-08
2,CVVSAITNDYKLSF,QVPSASMGRDIKVQF,1,1,0.9933445453643799
2,CVVSPYSRVCTQL,FMNKFIYEI,1,0,0.41338855028152466
2,CASSLLGEDVEQFF,VPHHVVATV,0,0,6.626791582675651e-05
2,CASSIGTGRTHNEQFF,LDRLNQLES,0,1,0.9999619722366333
2,CAGTNTGNQFYF,VHVSFVMAYPEMLAA,1,1,0.9998712539672852
2,CASSGTGVTGELFF,KSVDITFEL,0,0,1.2428008631104603e-06
2,AALYGNEKIT,KAKYDAIFD,1,1,0.862622857093811
2,CAVNAGGSTLGRLYF,LPFERATIM,1,1,0.9990923404693604
2,ASNENMETM,SSSRTGGHAEQ,0,0,0.00343421776778996
2,CASSYRLGNEQFF,ILTSLLVLV,0,0,3.8684855098836124e-05
2,CILRDGANNNARLMF,YNYLYRLFRKS,1,1,0.9999998807907104
2,ASSRANYEQY,SIIQFEKL,1,1,0.9999998807907104
2,CASKRQGLHAEQYF,MASGGGETA,0,0,1.7224618886757526e-06
2,CAVSSPQGGSEKLVF,GRIMLLAPK,1,1,0.9998107552528381
2,HPVAEADYFEY,ASSARSGELF,0,0,0.0021908392664045095
2,CASQSNTGNQFYF,VPSPSMGRDIKVQFQ,1,1,0.9224546551704407
2,CAVSATDSWGKLQF,HLLLVAAGL,1,1,0.9906110167503357
2,CASSLGAGVPNEQFF,MPLSAPTLL,0,0,0.36985743045806885
2,CASSIDLSEGDTNQPQHF,GGETALALL,0,1,0.5742176175117493
2,ASSQDWGFQDTQY,PLTSYTPRCNTAWNR,1,1,0.9999990463256836
2,CASSQPGRQRGLPQHF,KQLSSNFGA,0,0,1.1193741556780878e-05
2,CASSPTGGQETQYF,LPFDKATIM,0,0,0.012130867689847946
2,CATSRDWTGSAETQYF,WLTYHGAIK,0,0,1.4166023902362213e-05
2,CASRIQGRQPQHF,LPGCDGGSL,0,0,0.000140618285513483
2,DGAAS,KLVANNTRL,1,0,0.0017381336074322462
2,CASSVGQGNQPQHF,PTDSYITTY,0,0,1.9260878616478294e-05
2,CVVTEYSGGGADGLTF,RCMLQCPSV,1,1,0.9887162446975708
2,AIDSTGGYK,FDSAITNLG,1,1,0.9999995231628418
2,CASSQDSSETQYF,WLPTGTLLV,0,0,0.010187236592173576
2,CAALNYGGATNKLIF,YYVKWPWYVW,1,1,0.998976469039917
2,CAVSLNDYKLSF,LTDEQRAAALEKAAA,1,1,0.9999998807907104
2,CAGPSSNTGKLIF,RYSIFFDYM,1,1,0.9985392093658447
2,CILDNNNDMRF,NLVAMVATV,1,0,0.0006182456854730844
2,CASSPRWGDAGELFF,KSALDLSHF,1,1,0.6946301460266113
2,CALSEHGAAGNKLTF,HTMLCMCCK,1,1,0.9761208891868591
2,CVVNSGNKLVF,YYTSNPTTF,1,1,0.8550050258636475
2,CAASETSGSWQLIFG,ASNENWETM,1,0,0.00194448116235435
2,CASTPGSEPLHF,RVVVLSFEL,0,0,6.164728802104946e-06
2,CAALNYGGATNKLIF,QYIKWPWYIW,1,1,0.9992456436157227
2,CASGFFNQPQHF,WMESEFRVY,0,0,0.003078361041843891
2,CASSLVPTADVLTF,RLANECAQV,0,0,0.019435150548815727
2,CASSSTGSEGNTGELFF,TLACFVLAA,0,0,8.500639523845166e-06
2,CATYNFNKGFYF,LRQMLQAPH,1,1,0.9999990463256836
2,CAASGTSTLTF,VDSITEVECFLTPEA,1,1,0.998908281326294
2,CAAKGAAGNKLTF,VDSITEVECFATPEM,1,1,0.9999977350234985
2,CATVLPTQGGSEKLVF,TMMDLVYAM,1,1,0.9999597072601318
2,CAASDTGTASKLTF,RSGPPGLQGRLQRLLQASGNHAAGILTM,1,1,0.9999878406524658
2,AHPSK,NILSPFIPLL,1,1,0.9999902248382568
2,CASQSNTGNQFYF,QVPSASMGRDIKVQF,1,0,0.13080652058124542
2,CASSLTGVYVPQHF,LLNKHIDAY,0,1,0.7718666195869446
2,CAAPAYQGGRALIF,KGYVYQGL,1,1,0.9999998807907104
2,CAASINSGNTPLVF,PPVIAANRAQLMVLI,1,0,0.18881717324256897
2,CATSRERMVEAFF,FLPFFSNVT,0,0,0.42858636379241943
2,NLYAG,SILSPFIPLL,1,1,0.9999997615814209
2,CASSESPMGTGEETQYF,YIDIGDYTV,0,0,1.6251320289484283e-07
2,CAVSGGYQKVTFGVG,LTLTPEIAPYF,1,1,1.0
2,CSASPLLEQYF,TQWSLFFFL,0,0,0.002530408324673772
2,CAVSGGYQKVTFGIG,LSGSPELRMIF,1,1,0.9999990463256836
2,CASSEGGGYEQYF,VTWFHAIHV,0,0,1.1236866157560144e-06
2,FLRGRAYGL,ASSLGQAAEQY,0,1,0.9680127501487732
2,CASSLTGTVDGYTF,SPNLAWPLI,0,1,0.9278787970542908
2,CALSDPNGGSNYKLTF,NFFRMVISNPAAT,1,1,1.0
2,ATDTTSGTYKYI,EKPKVEAYKAAAAPA,1,1,1.0
2,CAVRDSGNTGKLIF,LTDEQRAAALEKAAA,1,1,1.0
2,CASRHSQGAPSWYQETQYF,TTEELPDEF,0,0,0.0062149567529559135
2,CATDATSGTYKYIF,SANNIHFMRQSEIG,1,1,0.9999998807907104
2,AAPAYQGGRALI,KGYVYQGL,1,1,1.0
2,AVTTDSWGKLQ,LLYGFVNYV,1,1,0.9995039701461792
2,CSARAGSTYEQYF,YIDIGDYTV,0,0,1.5490932980810612e-07
2,CAASRSTGGFKTIF,VASITEVECFLTPEM,1,1,0.998204231262207
2,CATDATSGTYKYIF,STARVHFWRSRSSE,1,1,1.0
2,CATDATSGTYKYIF,SSARLHFFRALPHP,1,1,0.9999874830245972
2,AVSGFASALT,IPAAAGRFF,1,1,0.9911978840827942
2,CASSVGRTLDYGYTF,YMHHMELPT,0,1,0.9998538494110107
2,CASSVAGLAGATSTDTQYF,LLFLMSFTV,0,0,1.498537585575832e-06
2,CALSGAPGGTSYGKLTF,LIVAAIVFI,1,0,0.005577719304710627
2,CAWSLQTGGGSSYEQYF,TIYRLATAMKAT,1,1,0.9983564019203186
2,CAVSGGYQKVTFGIG,ASFRPELAEFW,1,1,1.0
2,CASSTTGGRYEQYF,LSRLDKVEAEVQIDRLITGR,1,0,0.13391916453838348
2,CASSGPGTLNLDTF,YINVFAFPF,0,0,0.003026660531759262
2,CSARVGEGNQPQHF,LTNDNTSRY,0,0,3.5982084227725863e-05
2,TTDSWGKFEF,AIILASFSA,0,0,2.0017960196128115e-06
2,AYGEDDKII,ALRGMGVNAV,1,0,0.008703559637069702
2,YERMCNIL,SYNTDKLIF,1,1,0.9999330043792725
2,CAVEGYSNYQLIW,LPFDRPTIM,1,1,0.9999285936355591
2,CASHRDPMISEQFF,LPSYAALAT,0,1,0.8219074010848999
2,CASSYLGQMDEKLFF,TFTYASALW,0,0,0.025317586958408356
2,CALRGMTTDSWGKLQF,PQFKDNVIL,1,1,0.9999991655349731
2,CATRGVGETQYF,FYWFFSNYL,0,1,0.9012671709060669
2,CATDATSGTYKYIF,LESVVHFLRGQKVT,1,1,0.9999977350234985
2,CASSERQLPYEQYF,MCDIRQLLF,0,1,0.9943482279777527
2,CASSEVRGPSYNEQFF,KLMPVCVET,0,0,4.205880395602435e-05
2,AALYGNEKIT,KAPFNFATM,1,0,0.35521379113197327
2,CASSLFPGQDRGRDQPQHF,QVILLNKHI,0,0,2.093804141622968e-05
2,RTQSPRRR,YASSAISRRQSRANVLTF,0,1,0.9999889135360718
2,AHPSK,ALASFLPLL,1,1,0.9987720847129822
2,ASSRANYEQY,SIIGFEKL,1,1,0.9999997615814209
2,CASLDRVGGYTF,LMCQPILLL,0,1,0.9998782873153687
2,CASSEGVNEQFF,KISEMHPAL,0,1,0.9999988079071045
2,CAGTNTGNQFYF,MHVSFVMAYPEMLAA,1,1,0.9999877214431763
2,AANQGGRALI,GLKGPDIYKGVYQFKSVEFD,1,1,0.9901770949363708
2,CAEIIYNFNKFYF,VPHHVVATV,1,0,0.014542677439749241
2,CASSSGTGIYNEQFF,FLPFFSDVT,0,0,0.010573850013315678
2,CASSYSERDTEKLFF,RTIKGTYHW,0,0,0.0004158323572482914
2,CAVNSDGQKLLF,VLHDDLLEA,1,1,0.8840561509132385
2,CAFRVSHDMRF,KTVGIYPNA,1,1,0.9847511053085327
2,CAVEGYSNYQLIW,LPFERATVM,1,1,0.9999797344207764
2,HLRGFSKSISISDTF,ASSLQSGPIYEQY,0,0,0.0033390724565833807
2,CSVELTGNPRYEQYF,RAMPNMLRI,0,0,0.0007913939189165831
2,TTDSWGKFEF,YFLQSINFV,0,0,0.0014990938361734152
2,CASSQVTGSSYNEQFF,DQVILLNKH,0,0,0.003958335146307945
2,AYGEDDKII,QLRSLGLNAV,1,1,0.8217905759811401
2,FSGGSAYKL,SRYWAIRTR,1,1,0.9999585151672363
2,CASSLGQGPYEQYF,LYALVYFLH,0,0,0.052458468824625015
2,CAENGSRDTGRRALTF,GINITRFQTLLALHRSY,1,1,0.9999991655349731
2,AALYGNEKIT,FQIVNPHLL,1,1,0.9999964237213135
2,CAVSSPQGGSEKLVF,SRVMLLAPK,1,1,0.9996547698974609
2,CSARHLANNEQFF,FVCDNIKFA,0,0,0.006460094824433327
2,CSVEQRDTGELFF,ILAYCNKTV,0,0,3.273031268236082e-07
2,CASSDQLLEEWSSYNEQFF,DRLNQLESK,0,1,0.9992935657501221
2,AIDSTGGYK,FESAITNLG,1,1,0.9999982118606567
2,CATDATSGTYKYIF,SLGNIHFFKSEVVR,1,1,0.999903678894043
2,CAFSGGSNYKLTF,FAMQMAYRF,1,1,0.8996855020523071
2,CASSYLTGADGYTF,SPYNSQNAV,0,1,0.9734887480735779
2,CASSTLRGAGWSGELFF,SVIYLYLTF,0,0,1.252853780897567e-05
2,CASSQEGAKGDTQYF,VLSTFISAA,0,0,0.0016563215758651495
2,CGWPGQTNTGELFF,RLFARTRSM,0,1,0.8055501580238342
2,CARNSGGYQKVTF,FAMQMAYRF,1,1,0.9998155236244202
2,CASSIETGTEITGELFF,FPLKLRGTA,0,0,1.9155186237185262e-05
2,CASSENEQFF,FISTCACEI,0,0,3.8097487049526535e-06
2,CASSPGVGNTEAFF,TSTLAEQIAW,1,0,0.4065561592578888
2,CATDTTSGTYKYIF,SANNIHFMRQSEIG,1,1,0.9999998807907104
2,ARNTGNQFY,NLVAMVATV,1,0,0.2949974536895752
2,CAAKGAAGNKLTF,VDSITEVECFLTPEM,1,1,0.9999545812606812
2,CASSAGHMNTGELFF,TVYEKLKPV,0,1,0.8474373817443848
2,CASSLAGDQEPQYEQYF,APATVCGPK,0,0,0.0011948926839977503
2,CAVRRGTDKLIF,NTTVTFLPTPSLILQ,1,1,1.0
2,CAMSPNTGFQKLVF,FVSGNCDVVIG,1,1,0.9999244213104248
2,CALDSGNTGKLI,GTSGSPIVAR,1,1,0.9986461997032166
2,CATDTTSGTYKYIF,GAHCIHFFKSAVCR,1,1,0.999998927116394
2,CASSQVGDEQFF,FITESKPSV,0,1,0.9933080673217773
2,CWNAFTGNQFYF,NPGSDNTVKR,1,1,0.8625392913818359
2,CLVGDTDKLIF,VYAWNRKRI,1,0,0.3306431472301483
2,CASSYRGGYEQYF,SLINTLNDL,0,1,0.9814606308937073
2,CATDATSGTYKYIF,MHGNWHFFRNFLSN,1,1,0.9999997615814209
2,CASSPGTGRDEQFF,NSVTSSIVITSGDGTTSPISEHDYQIGGYTEKWESGVK,1,1,0.8921878337860107
2,CAEKYRGKLIF,GDPDMMRYVDKYGQL,1,1,0.9914228320121765
2,HFFSVGGEALELQGV,ASSLPGLKPEQY,0,0,0.3113975524902344
2,AMRGDYGGSGNKLI,IAFDFNTA,1,1,0.9999901056289673
2,CASSSPGEQFF,LTNDDTSRY,0,0,1.9426923245191574e-05
2,CAVRSRGNKLVF,DQVILLNKHIDAY,1,1,0.9999970197677612
2,CAATPPEGGNQFYF,SVYGDTLEK,1,1,0.967092752456665
2,CAGRTDSWGKLQF,NTLQCIMLV,1,1,0.9999738931655884
2,ATDTTSGTYKYI,TTSEDNEVFGEADANQNNGTSS,1,1,0.9999892711639404
2,AAETTASLGKLQ,DEPLTSLTPRCNTAWNRLKL,1,1,1.0
2,NLYAG,ILSPFMPLL,1,1,0.9999827146530151
2,CASSIDRWTQGNQPQHF,EIDPKLDNY,0,0,0.0008832612656988204
2,CASSPSQGMNEQFF,SVFNICQAV,0,1,0.9895952343940735
2,CASSLLPYNEQFF,GLALYYPSA,0,0,0.0021214706357568502
2,CASSFRGRLAGLETQYF,MQVESDDYI,0,0,0.0005961356218904257
2,CAYNQGGKLIF,RCMLQCPSV,1,1,0.9970861077308655
2,CASSEEGGLSNEKLFF,YTVSCLPFT,0,1,0.9455558061599731
2,CASRGASGSYEQYF,ALNNIINNA,0,1,0.8545935153961182
2,CASSPKAGGPGEQFF,MPLSAPTLL,0,0,0.2223532646894455
2,SFERFEIFPKE,ASGGGRGSYAEQF,0,0,0.00020360335474833846
2,VLGDRQGGRALI,ASNENMDTM,1,1,0.6949597597122192
2,AALYGNEKIT,NSIRNLDTI,1,1,0.908749520778656
2,CAVQARSWGKLQF,LHGAGNHAAGILTL,1,1,1.0
2,CAVSGGYQKVTFGIG,KSLTPEVRGYW,1,1,0.9998937845230103
2,CAASRSTGGFKTIF,VDSATEVECFLTPEM,1,1,0.9997281432151794
2,CASHISTGELFF,KPASRELKV,0,0,4.695555617217906e-06
2,CAVSGGYQKVTFGVG,LTISPEIPSYF,1,1,1.0
2,CATDATSGTYKYIF,IIPAFHFLKSEKGL,1,1,0.999998927116394
2,CASSQAGTGFYGYTF,NTFSSTFNV,0,0,4.350023664301261e-05
2,CAMSAWTTDSWGKLQF,TFTYASALW,1,1,0.9991899132728577
2,CASKEGSSYNSPLHF,TVSCLPFTI,0,0,2.9500336040655384e-07
2,CAYNQGGKLIF,FDVMVMPNL,1,1,0.9999035596847534
2,CASSPGVGNTEAFF,TSTLTEQIAW,1,0,0.040199849754571915
2,ATDTTSGTYKYI,ITREEKPAVTAAPKK,1,1,0.9999997615814209
2,CASRLPPSSGNTDTQYF,KLLKSIAAT,0,0,0.18196918070316315
2,CASIRDLDNSYEQYF,VPHHVVATV,0,0,1.995465390791651e-05
2,NLYAG,SILSPFLPLL,1,1,1.0
2,CASSQEIGVYGYTF,MMILSDDAV,0,0,5.623433389700949e-05
2,AHPSK,SILSPFLPLL,1,1,0.9999991655349731
2,CASSTSLLAQHF,WTDNNCYLA,0,0,0.12535007297992706
2,AALYGNEKIT,KAAYNFATCGI,1,0,0.1468266397714615
2,CASPGDLNTEAFF,KVSIWNLDY,0,0,0.00018444043234921992
2,CAGERRSNYQLIW,TRGVYYPDKVFRSSV,1,1,1.0
2,CASSQGWDEQFF,RTIKVFTTV,0,0,1.8082033648170182e-06
2,CASSLGFREVSYNEQFF,RFLYIIKLI,0,0,0.0009102000622078776
2,CASSLEAGGTEAFF,ILRKGGRTI,0,0,1.2695048781097285e-06
2,CAVPEFYGNNRLAF,FKDNVILLN,1,1,1.0
2,CAAKGGGNKLTF,VDSITEVECFLTAEM,1,1,0.999553382396698
2,CASSFLPREEMNTEAFF,KSVDITFEL,0,0,1.295593278882734e-06
2,CASSLLAGAETQYF,ELGKYEQYIKWPWYIWLGFIAGLIAIVMVTIMLCCMTSCCSCL,1,0,0.17319278419017792
2,CASRGSRSRGNEQFF,TINCQEPKLGSLVVRCSFYEDFLEYHDVRVVLDFI,1,1,0.9999444484710693
2,CASSLPGQGGWIEQFF,MGYINVFAFPFTIYSLLLCRMN,1,1,0.9999963045120239
2,TYFCAAKDSNYQLIW,NKRSEANPANPPSFA,1,1,0.9999926090240479
2,CASSEQGVVDTQYF,GLALYYPSA,0,0,0.0010915336897596717
2,CASSQQGAVSAEAFF,FVCDNIKFA,0,0,0.01941918395459652
2,CASIDGQNNEKLFF,FLCWHTNCY,0,1,0.8639119863510132
2,LNEDLTCGNILMWEA,ASSSIVYEQY,0,0,0.28544145822525024
2,CASSVVSGGHQPQHF,LTNDNTSRY,0,0,1.187870202556951e-05
2,SPRWYFYYL,STDTQYF,1,1,0.6881267428398132
2,CVVTEYSGGGADGLTF,GAVECCPNC,1,1,0.9999897480010986
2,CAASVYGNNRLAF,LLQYGSF,1,1,0.5772439241409302
2,AAPAYQGGRALI,RGYVYIGL,1,1,0.9999998807907104
2,CASSGQVESSGNTIYF,VINGDRWFL,0,0,0.005561443045735359
2,CAASGTSTLTF,VDSITEVEAFLTPEM,1,1,0.9595218300819397
2,CSASAGLVGYEQYF,HTDLMAAYV,0,0,1.4054538951313589e-05
2,CASSEGQGESGANVLTF,TVAYFNMVY,0,0,0.00023262470494955778
2,CASSQGGRSTDTQYF,VLQVRDVLV,0,0,2.0653298633988015e-05
2,CASSYWEAGGETQYF,FLNKVVSTT,0,0,0.0022400962188839912
2,CASSYGWDEQFF,VPYFNMVYM,0,0,1.9334935132064857e-05
2,CAVVAWTASKLTF,GERQDATEIRASVGR,1,1,0.998515784740448
2,CAESSNYGGSQGNLIF,ALNTLVKQL,1,1,0.998784601688385
2,CASSPRQRSGNTIYF,LPKEITVAT,0,1,0.6168521642684937
2,AVSGFASALT,QLSPFPFDL,1,1,0.9903653264045715
2,CAVSGGYQKVTFGIG,YSFKPELKEIF,1,1,1.0
2,CASSEGGTYEQYF,YQDVNCTEV,0,0,1.5048151908558793e-05
2,CASSPPADEALYGYTF,TLGVLVPHV,0,0,0.00023617905389983207
2,CAAKGGGNKLTF,VDSITEVECFLTPAM,1,1,0.9999455213546753
2,CASSEAFSGNTIYF,FSAVGDICY,0,0,5.280770346871577e-05
2,ATDTTSGTYKYI,SARDLTSGANNEQFFGPGTRLTVL,1,1,0.5074166059494019
2,CASSSGTSGSADTQYF,FLYENAFLP,0,1,0.9938941597938538
2,CASSQDYNEQFF,SANNCTFEY,0,0,0.00017516706429887563
2,CASSYVSSGLTGELFF,MSAFAMMFV,0,0,1.144533371189027e-06
2,CATSDSGLATATDTQYF,ELTSMKYFV,0,0,0.00012886831245850772
2,HPVGQADYFEY,ASSARSGELF,0,0,0.005029160995036364
2,CAASINSGNTPLVF,PAIVAANRAVLVSLV,1,1,0.9999927282333374
2,ASNENMETM,SSSRSGARAEQ,0,0,0.004452239256352186
2,CATDTTSGTYKYIF,HENVVHFFKDGELV,1,1,0.9994248151779175
2,CALSFSGSGNTGKLIF,IFGTTLDSKTQ,1,1,0.9858477115631104
2,CASSWYTTGQETQYF,AHIQWMVMF,0,0,0.0004031937860418111
2,TYFCAAKGGGSNYQLIW,HPSRLHAPAITQNAL,1,1,0.9999997615814209
2,CAISEEVSGGVGANEQFF,NLIDSYFVV,0,0,0.0041811540722846985
2,CASSRGGGSYNEQFF,KQLSSNFGA,0,0,8.319346670759842e-05
2,CSATIDGRGYNEQFF,TPAFDKSAF,0,0,0.003131883917376399
2,CASSFDGQLGGGYTF,QPYRVVVLSFELLHAPATVC,1,1,0.9999945163726807
2,CAVRDPGNTDKLIF,QAAVVRFQEAANKQK,1,1,0.9999998807907104
2,CASSLLAGGKETQYF,YPLECIKDL,0,1,0.9598895311355591
2,CAAFTSGTYKYIF,ALWALPHAA,1,1,0.6167199015617371
2,CASSPHRTVLAGDTQYF,KLVNKFLAL,0,0,0.0009576081647537649
2,CAGLNQGAQKLVF,MLAKALRKV,1,1,0.9996474981307983
2,ATDTTSGTYKYI,DFARVHFISALHGSG,1,1,1.0
2,CASRSSGGNTGELFF,VLLFLAFVV,0,0,4.383185569167836e-06
2,TTDSWGKFEF,PQFKDNVIL,0,0,0.06830797344446182
2,CASSLINTGELFF,LYALVYFLQ,0,0,0.19877628982067108
2,CASSQERLSLSPLHF,DQVILLNKH,0,0,0.0018820380792021751
2,CAAKGGGNKLTF,VDSATEVECFLTPEM,1,1,0.9999555349349976
2,CASSLDSGSKEKLFF,FLVLLPLVS,0,0,0.35329726338386536
2,CSGLLAGTDTQYF,MSAFAMMFV,0,0,3.2196167012443766e-06
2,CAVSGGYQKVTFGIG,LTISPEIPPYF,1,1,1.0
2,CAVRDNGNDMRF,HLRGFSKSISISDTF,1,1,0.9984191656112671
2,CALDNQGGKLIF,SVYGDTLEK,1,1,0.999830961227417
2,CASSIGPNTGELFF,TLLFLMSFT,0,0,4.2588413634803146e-05
2,CASSYRRTSGRAYHEQFF,ATRGATVVI,0,0,0.00013957337068859488
2,CAVSGGYQKVTFGVG,GSLSPELRPIF,1,1,1.0
2,CAASGTSTLTF,VASITEVECFLTPEM,1,1,0.966346800327301
2,CASSPVSNTEAFF,GLPWNVVRI,0,0,0.0002868784358724952
2,CASSSATGHLTQPQHF,NTFSSTFNV,0,0,7.076604106259765e-06
2,CASSLDRDYNQPQHF,SMQNCVLKL,0,0,0.19767282903194427
2,CASSLVNTGELFF,LSDLQDLKW,0,0,0.12206324189901352
2,AYGEDDKII,KLSGLGINAV,1,0,0.10973905771970749
2,CAVSGGYQKVTFGIG,ASFSPELRMAW,1,1,0.9999977350234985
2,CAVAQGAQKLVF,LLMPILTL,1,1,0.999955415725708
2,CAVSETDSWGKLQF,YTDIATSAC,1,1,0.7186312079429626
2,CASSLNNEQFF,VTDNTFTLK,0,0,0.0029050521552562714
2,CASSGLRGTAEAFF,GLMWLSYFV,0,0,0.0006104445201344788
2,AYGEDDKII,QLRTLGLNAV,1,1,0.6929025053977966
2,CATDATSGTYKYIF,IEAAIHFYKGLAVY,1,1,0.9998220801353455
2,CATDATSGTYKYIF,NPQVIHFFKSLDLL,1,1,0.998731791973114
2,CAGGYNNNDMRF,YPDKVFRSSV,1,1,0.9999927282333374
2,CAVNQFYF,LLLGIGILVL,1,0,0.002141371602192521
2,ARNTGNQFY,NLVPTVATV,1,1,0.9159879684448242
2,CASSLWGRGLGYGYTF,NLLKDCPAV,0,1,0.6342921853065491
2,AAPAYQGGRALI,RGYVYRGL,1,1,1.0
2,CASRLYTKSTDTQYF,FKDNVILLN,0,1,0.9999308586120605
2,CIVRGPTGANNLFF,MIAQYTSALLA,1,1,0.9999991655349731
2,CAASINSGNTPLVF,PMLVAANRADLVSLV,1,1,0.9970942735671997
2,CASSSGVGQEAHEQYF,VLNDILSRL,0,1,0.9393784403800964
2,CASSQGGLTKGEQYF,SLIDLQELGKYEQYIKW,1,1,0.7442135214805603
2,CASTWDSLYEQYF,SMWALIISV,0,0,5.676509681507014e-05
2,CASSYFPYDLYEQYF,RLNQLESKM,0,1,0.9966773986816406
2,CAMSTVSGGYNKLIF,NVTWFHAIHVSGTNG,1,1,1.0
2,CASSLSPLDNPSYEQYF,TVSCLPFTI,0,0,2.733476378580235e-07
2,CAVSRAGAGSYQLTF,AAVVRFQEAANKQKQ,1,1,0.888047456741333
2,CASSYSKLAGGFEQFF,SLLSVLLSM,0,1,0.6202935576438904
2,CAVSGGYQKVTFGIG,SALRPEIRLLW,1,1,0.9999983310699463
2,CATDTTSGTYKYIF,NANVLHFLKNIICQ,1,1,1.0
2,CASSVGVSNQPQHF,KLDDKDPNF,0,0,0.000496450811624527
2,CASSPEGLDNFF,RIMTWLDMV,0,0,0.020192058756947517
2,CAVSGGYQKVTFGIG,KSFVPELKPAF,1,1,0.9999997615814209
2,CASSLDPGANTEAFF,TSTLAEQMAW,1,0,0.042290281504392624
2,CAAKGAAGNKLTF,VDSITEVEAFLTPEM,1,1,0.9993801116943359
2,CAESGGTGRRALTF,GWTAGAAAYYV,1,0,0.0001266546460101381
2,CATSGPDSNQPQHF,TLNDFNLVA,0,0,0.00026092075859196484
2,CASSTMGQGISPLHF,FLTENLLLY,0,1,0.973492443561554
2,ASSQDWGFQDTQY,PLTSLTPRCNTAWNR,1,1,0.999997615814209
2,CAVSQPSGGSYIPTF,AQTFAATHNPWASQA,1,1,0.999929666519165
2,CAFRVSHDMRF,FDVMVMPNL,1,1,0.9997710585594177
2,ATDTTSGTYKYI,VLARLHFYRNDVHKE,1,1,0.9865243434906006
2,CASSLGRSTGELFF,TSAMHTMLF,0,0,0.07349152117967606
2,CAISEFRDDQETQYF,ISQWLTNIF,0,0,0.04558316245675087
2,CASSLPSGSNGANEQFF,RLANECAQV,0,0,0.0026283906772732735
2,ALSDPVNDMR,HSKKKCDEI,1,0,0.25827738642692566
2,CAVSGGYQKVTFGIG,SSGVPEVRMMF,1,1,0.9983546137809753
2,RTQSPRRR,YSSVSGQSRANVLTF,0,1,0.9893966317176819
2,CVVSAITNDYKLSF,PSPSMGRDIKVQFQS,1,0,0.02849658392369747
2,CAVSEASGGSNYKLTF,KLIANQFNSAI,1,1,0.9966961145401001
2,CAVEGYSNYQLIW,LPFDKPTIM,1,1,0.9999184608459473
2,CASSQDRAGWIDEQFF,SVFNICQAV,0,1,0.8397718667984009
2,AVSGGSALGRLH,FQDAYNAAGGHNAVF,1,1,1.0
2,CAGPTGGSYIPTF,MHVSFVMAYPEMLAA,1,1,0.9999923706054688
2,CGTDFQGAQKLVF,TYGPVFMCL,1,1,0.9975958466529846
2,CASKIGGGDYYEQYF,VLSTFISAA,0,0,0.003117729676887393
2,CAASETSGSWQLIFG,ASNENMEAM,1,1,0.9963801503181458
2,CAVQARSWGKLQF,QASGNHAAGILTM,1,1,1.0
2,ASSSRGRRISYEQY,TLGSDVEEDLTMTRNPQPF,1,1,0.9956318140029907
2,CAADGGAGSYQLTF,LPFDKSTVM,0,1,0.9939100742340088
2,CATDATSGTYKYIF,VFGNVHFFKNTGSA,1,1,0.9999303817749023
2,CAYNQGGKLIF,LHMEFCSCC,1,1,1.0
2,CASRGATNTGELFF,TIVEVQPQL,0,1,0.9959646463394165
2,CASSEGGETQYF,TCDGTTFTY,0,0,2.905485780502204e-05
2,AVSGFASALT,SIYRYYGL,1,1,1.0
2,CASSPPHPTGPTDTQYF,GLMWLSYFI,0,0,7.269292109413072e-05
2,HPVGEADYFEY,AVQDLGTSGSRLT,0,1,0.9988059997558594
2,CASSLAQYYQPQHF,GTDLEGNFY,0,0,0.00026164468727074564
2,CASSDRDDIQYF,TFTYASALW,0,0,0.0005425370181910694
2,CASSQQDRLADTQYF,DLFMRIFTI,0,0,1.3249558833194897e-05
2,CATSDDSEKLFF,VYAWNRKRI,0,0,1.9736440663109533e-05
2,FSGGSNYKL,SRYWAIRTR,1,1,0.9999409914016724
2,CASSVAGSYNEQFF,LVQSTQWSL,0,0,0.2189318984746933
2,TYFCAAMHVGGLIDCQLIW,LPGYGLPLCAGPGAS,1,1,1.0
2,CASTFIFVRGADSSYEQYF,FAFPFTIYS,0,0,0.0005380699876695871
2,CASSPRTDQETQYF,IPVAYRNVL,0,0,0.08566181361675262
2,CAVSRAGAGSYQLTF,QAAVVRFQEAANKQK,1,1,0.9999996423721313
2,ASNENMETM,SSSWSGSNGEQ,0,0,0.15225745737552643
2,CASTRGQRNGAFF,KPVPEVKIL,0,0,0.42527151107788086
2,CSARIAGAKNIQYF,KPAPRELKV,0,0,6.943067273823544e-05
2,CASSSGRAGITDTQYF,RIMASLVLA,0,0,0.051530469208955765
2,LLFGYPVYV,ASSYPGGGFYEQY,0,0,0.3228411376476288
2,CASSPRQAGLVTQYF,TSTLAEQMAW,1,0,0.02333676628768444
2,AISESGMTVATNEKLF,TLGSDVEEDLTMTRNPQPF,1,1,0.9941752552986145
2,CASSHRDIGYGYTF,YTNSFTRGV,0,0,1.1914675042135059e-06
2,CASSPGVGNTEAFF,TSTLAEQVAW,1,1,0.5008009076118469
2,TYFCAVPRRTGGLS,SSYRYSSSPLLGIAL,1,1,1.0
2,CILDNNNDMRF,ALVPMVATV,1,0,1.6363028407795355e-05
2,CASSTNRDGGSYEQYF,TLNDFNLVA,0,0,0.0006682420498691499
2,AAPAYQGGRALI,RGYVYMGL,1,1,0.9999998807907104
2,CASSPGVGNTEAFF,TSTLAEQMAW,1,0,0.03678400069475174
2,CASSFAPQGGYEQYF,LMGHFAWWT,0,0,0.014169136062264442
2,AAVVRFQEAANKQK,SLRDAKETQY,0,0,0.1255694031715393
2,CATATDSWGKLQF,YFLQSINFV,1,1,0.9997780919075012
2,CASWGPGTEGAYEQYF,IKLDDKDPQ,0,0,0.4459434747695923
2,CASGGGQGGNNEQFF,ALLAVFQSA,0,0,0.00011953416105825454
2,CASSLAGPSYNEQFF,AMDEFIERY,0,1,0.999140739440918
2,CALSEGGSWGKLQF,VLGSLAATV,1,0,2.545865936554037e-05
2,CAVEGYSNYQLIW,LPFEKSTIM,1,1,0.9999724626541138
2,CAMSRAGSYQLTF,KTQSLLIVNNATNVV,1,1,0.9999997615814209
2,CASSLGEARPQETQYF,ALNNIINNA,0,1,0.7293767929077148
2,CVVSTLTTDSWGKLQF,YTVELGTEV,1,1,0.5753050446510315
2,CAGGNDMRF,YSSANNCTF,1,0,0.003001018427312374
2,CAELDSWGKLQF,VFLVLWPLV,1,1,0.8890681862831116
2,CASSVGARNEQYF,ALALLLLDR,0,0,0.0007447652751579881
2,ASSQDWGFQDTQY,PLTSYSPRCNTAWNR,1,1,0.9999997615814209
2,CAVSSPQGGSEKLVF,TRVMLISPK,1,1,0.9993506073951721
2,ASNENMETM,ASSSRTGGHAEQF,0,0,0.00022914134024176747
2,CASSVTSGPSYEQYF,NLIDSYFVV,0,0,0.0017615837277844548
2,CSLSGGQHNEQFF,WLTNIFGTV,0,0,1.0463649005032494e-06
2,ASSQDWGFQDTQY,EPLTSLTPRCNTAWNRLKL,1,1,0.9999734163284302
2,CASSLALSTEYSSF,APHGVVFLH,0,1,0.9772456288337708
2,ARNTGNQFY,NLVPMVASV,1,1,0.8988620042800903
2,CASSQDMRAGGPNEQFF,HLMSFPQSA,0,1,0.9647172093391418
2,CASRSGGGSYEQYF,SPLPSYAAF,0,0,0.08211548626422882
2,CAAKGGGNKLTF,VDSITEVEAFLTPEM,1,1,0.9993231296539307
2,CAVNGGGSNYKLTF,MSQIMYNYPAMRAHA,1,1,0.9999604225158691
2,CAYNQGGKLIF,KTVGIYPNA,1,1,0.9929054975509644
2,AAPAYQGGRALI,RGYVYEGL,1,1,0.9999998807907104
2,CASSLELGQGRETQYF,FLCWHTNCY,0,0,0.08140161633491516
2,NLYAG,NILSPFMPLL,1,1,0.9999994039535522
2,CAIDETGHGYTF,LPSYAAFAT,0,1,0.9933869242668152
2,CAMTRGSGTASKLTF,HWFVTQRNFYE,1,1,0.9949911236763
2,FLRGRAYGL,ILPAAGGTSYGKLT,0,0,0.30902597308158875
2,CAASDTGTASKLTF,QASGNHAAGILTM,1,1,1.0
2,CASSVGGYTGELFF,AIILASFSA,0,0,1.9762923329835758e-05
2,CALGAGGYQKVTF,FLCLFLLPS,1,1,0.9998788833618164
2,ATDTTSGTYKYI,PGSRPHLIRLFSRDA,1,1,1.0
2,CASSQDRASYNEQFF,VYSTGSNVF,0,0,0.049973007291555405
2,CATSPTRSTTDTQYF,FLKKDAPYI,0,0,4.7395500587299466e-05
2,CAGPEYGGSQGNLIF,HFFSVGGEALELQGV,1,1,0.971836268901825
2,CATDATSGTYKYIF,SVSVIHFFKAPAAI,1,1,0.9999997615814209
2,CASSARDYTGELFF,NPTIQKNVL,0,1,0.8069224953651428
2,CAASINSGNTPLVF,PVVAANRIQLLALIA,1,1,0.9995866417884827
2,CASSLDGGPGSYTF,QPYRVVVLSFELLHAPATVC,1,1,0.999996542930603
2,CASSLRGRLSGELFF,SPYNSQNAV,0,1,0.9947105646133423
2,CAVTIGATQGGSEKLVF,PSPSMGRDIKVQFQS,1,0,0.038990672677755356
2,CAVRDTTNWGKLQF,SPLPSYAAF,1,1,0.9999959468841553
2,CASSSYSRYEQYF,TQMNLKYAI,0,0,0.0007363060722127557
2,CAVSGGYQKVTFGIG,NSVKPEIRPVW,1,1,1.0
2,CAWSLQTGGGSSYEQYF,FLYRAALPVKSY,1,0,0.14981113374233246
2,CASGFGHSNSPLHF,LVQSTQWSL,0,0,0.016299869865179062
2,CAAKGAAGNKLTF,VDSIAEVECFLTPEM,1,1,0.999806821346283
2,CAALNYGGATNKLIF,TYIKWPWWVW,1,1,0.9999396800994873
2,CASSPPDRLYEQFF,SMQNCVLKL,0,1,0.7804282903671265
2,CSARVEGAGPAQYF,TCDGTTFTY,0,0,0.00023567202151753008
2,CVVNKGSSASKIIF,STECSNLLLQYGSFCTQ,1,1,1.0
2,CASSSGQGFFYEQYF,HLMSFPQSA,0,1,0.6873258948326111
2,CASSLGRGAYEQYF,FMSEAKCWT,0,1,0.8492051362991333
2,CAASRSTGGFKTIF,VDSITEVECFLTAEM,1,1,0.9970974922180176
2,CATDATSGTYKYIF,HENVVHFFKDGELV,1,1,0.9995444416999817
2,CASSLSVSFIVDEQFF,MLFTMLRKL,0,0,0.12735553085803986
2,CAVTSNDYKLSF,LTDEQRAAALEKAAA,1,1,1.0
2,CASSPLRENTEAFF,YANRNRFLY,0,1,0.6096999645233154
2,CAVNTGGFKTIF,LLLGIGILVL,1,1,0.8021240234375
2,CAVTIGATQGGSEKLVF,MGRDIKVQFQSGGAN,1,1,1.0
2,CASSAPADVSYEQYF,GVYDYLVST,0,0,0.07031916826963425
2,CASSLHLMNTEAFF,FVMMSAPPA,0,1,0.9999390840530396
2,FLRGRAYGL,ASSLGQAYEAY,0,0,0.10954855382442474
2,CASKPGAIEAFF,FSVVGNICY,0,0,0.00040721133700571954
2,CATDATSGTYKYIF,ARSVFHFFRGTALL,1,1,0.9999961853027344
2,CASSYGTGNQPQHF,ILAYCNKTV,0,0,3.305400841924211e-09
2,CASSLRQGEYNEQFF,NPANNASIV,0,0,0.12771931290626526
2,CASTYRTSGGPIQETQYF,WMVMFTPLV,0,0,0.0018024652963504195
2,CAVSGGYQKVTFGIG,NSFRPEVAMKY,1,1,0.9999992847442627
2,ASGDNSAETLY,DQVHFQPLPPAVVKLSDALI,1,1,1.0
2,AHPSK,LLSVFLHLL,1,1,0.9989663362503052
2,CAVRDPGNTDKLIF,AAVVRFQEAANKQKQ,1,1,0.9865961670875549
2,CASSLGGTEAFF,NPANNASIV,1,0,0.2895205318927765
2,CALDGMDSSYKLIF,RGHLRIAGHHLGRCDIK,1,1,0.9999686479568481
2,CAYNQGGKLIF,NNILIATCV,1,1,0.9526364803314209
2,CAVSGGYQKVTFGVG,LSITPEIAPYF,1,1,0.9999992847442627
2,CASSERTSGGYTDTQYF,KPADNSLKI,0,0,2.1458986054767593e-07
2,CAVPAGSQGNLIF,LLLLDRLNQLESKMSGKGQQQQ,1,1,0.9999969005584717
2,ATDTTSGTYKYI,TLDISNNRLESLPAH,1,1,0.9997872710227966
2,AMRGDYGGSGNKLI,INADFNTI,1,1,0.9999719858169556
2,CILRVTQGGSEKLVF,NLIDSYFVVK,1,1,0.6900705695152283
2,CAMREGRRDDKIIF,DDQIGYYRRATRRIRGG,1,1,0.9999909400939941
2,DGTAS,KLTPLCVTL,1,0,0.0001522429520264268
2,CASSLEGDPSYEQYF,DKDPQFKDN,0,0,0.4792546033859253
2,CAAKGAAGNKLTF,VDSITEVECFLAPEM,1,1,0.9999898672103882
2,TYFCAASAKRNYQLIW,LMMFYKSSMSLTAWI,1,1,0.9999992847442627
2,CASSSESTDTQYF,FVNEFYAYL,0,0,0.00018597945745568722
2,CAVSGGYQKVTFGVG,RSLAPEVRGYW,1,1,0.9999610185623169
2,CASSLDNQPQHF,RAMPNMLRI,0,0,4.469611667445861e-05
2,CASLRLEEETQYF,FVVFLLVTL,0,0,2.3337966013059486e-06
2,AHPSK,IVSPFIFLL,1,0,0.021448606625199318
2,CVVSDPDSWGKLQF,ILRKGGRTI,1,0,0.16487641632556915
2,CASSASPGTQYSSTDTQYF,MLNPNYEDL,0,0,3.489985829219222e-05
2,QYIKWPWYI,GVWPARGRGVKIIF,1,1,1.0
2,CASSPGVGNTEAFF,TSTLSEQVAW,1,0,0.3226465880870819
2,CASSSSGTGRPDTQYF,QPYRVVVLSFELLHAPATVC,1,1,0.9999867677688599
2,CSARGTDFANTGELFF,LPPSYTNSF,0,1,0.9860965609550476
2,CASSFRPPDTDRTNTGELFF,LPDDFMGCV,0,0,0.02560812048614025
2,AVTTDSWGKLQ,LLYGFVNYI,1,1,0.999711811542511
2,CASSQPTGLDTEAFF,YTACSHAAV,0,0,3.6496767279459164e-06
2,CASRGLGSGGYEQYF,NLDAVPTGY,0,0,0.0043688127771019936
2,CVVTEYSGGGADGLTF,NNILIATCV,1,1,0.8166318535804749
2,CAAKGAAGNKLTF,VDSITAVECFLTPEM,1,1,0.9999592304229736
2,CASSLNWREITDTQYF,AMDEFIEQY,0,1,0.9997817873954773
2,RTQSPRRR,VPAAPRFPFWHHQPQHF,0,1,0.9999971389770508
2,ATDTTSGTYKYI,ALAVLHFYPDKGAKN,1,1,0.995739221572876
2,QHAGEAPTFLSYN,FLPSDFFPSV,1,1,0.9985619187355042
2,CAMTVNSGYSTLTF,GINITRFQTLLALHRSY,1,1,0.9999996423721313
2,CASSGDREGLDYNEQFF,LPGCDGGSL,0,0,0.00014440465020015836
2,CAINKGTGNTGELFF,FVVFLLVTL,0,0,0.005679755471646786
2,CATDTTSGTYKYIF,STARVHFWRSRSSE,1,1,1.0
2,CASSQASNQPQHF,ALNLGETFV,0,0,6.337850209092721e-06
2,CASSLFGSGGAGETQYF,TSDPTTFHL,0,0,0.00038709992077201605
2,AAPAYQGGRALI,IGYVYQGL,1,1,0.9999998807907104
2,CAVTIGATQGGSEKLVF,PSMGRDIKVQFQSGG,1,1,0.8678345680236816
2,CAASGTSTLTF,VDSITEVECFLTPAM,1,1,0.998908281326294
2,CASSLRDSSSYEQYF,LLSVCLGSL,0,0,0.0003787302994169295
2,CASSHGPGQGAYEQYF,GSEHSLAEY,0,0,0.0005702684284187853
2,CASSSFPTASMNTEAFF,NILRIYYSPSIMHRYAVVQP,1,1,0.9999945163726807
2,CASSAHTSGGKNIQYF,DNVILLNKH,0,0,0.007896076887845993
2,CSVEDPDRDGYTF,ILFTRFFYV,0,0,0.00020119342661928385
2,CAWSLQTGGGSSYEQYF,LILRGSVAHKSCL,1,1,0.9992449283599854
2,CASSFGGRSTDTQYF,NTLQCIMLV,0,0,0.002518147462978959
2,CATDTTSGTYKYIF,VFGNVHFFKNTGSA,1,1,0.9999158382415771
2,CAFCGGTSYGKLTF,FAMQMAYRF,1,1,0.9997817873954773
2,CASSQDWRGIAEQFF,MMILSDDAV,0,0,8.50661817821674e-05
2,CASSLSYNSPLHF,TLNDFNLVA,0,0,0.0005073835491202772
2,CAWSLEERDTQYF,SQFFYPPPHKAP,1,1,0.9999995231628418
2,CASSLNPTSAHYEQYF,GIIAMSAFA,0,0,3.200008359272033e-05
2,CASSPTANEKLFF,KDPQFKDNV,0,1,0.8570894002914429
2,CAVETGTNAGKSTF,SLPGVFCGV,1,1,0.7310932874679565
2,CASYWTGPPHGYTF,IFFITGNTL,0,0,1.0565038792265113e-05
2,CASRDATGGFEQYF,VLLFLAFVV,0,0,4.513326075539226e-06
2,ATDTTSGTYKYI,EKPKYEAYKAAAAPA,1,1,1.0
2,CASSQEASGGKETQYF,KLVSSFLEM,0,0,0.0030939632561057806
2,AASDTGNYKYV,NEKYAQAYPNVSAKID,1,1,1.0
2,TFEYVSQPFLMDLE,IKAAGNKLTF,1,1,0.999997615814209
2,CALDGMDSSYKLIF,GAVILRGHLRIAGHHLG,1,1,0.9999929666519165
2,CASSIGRSPQHF,WLDMVDTSL,0,0,0.001018642564304173
2,CVVSAITNDYKLSF,VPSPSMGRDIKVQFQ,1,1,0.9998973608016968
2,CASSQSGLADSDTQYF,YVVDDPCPI,0,0,0.00035177331301383674
2,CAISESTAGPYYEQYF,LMWLSYFIA,0,0,0.004483138211071491
2,CATDTTSGTYKYIF,SLGNIHFFKSEVVR,1,1,0.999880313873291
2,CATDTTSGTYKYIF,ARSVFHFFRGTALL,1,1,0.9999951124191284
2,DGTGS,KLVANNTRL,1,0,2.6454767066752538e-05
2,SVSSFERFEIFPK,ASGGGRGSYAEQ,0,0,0.177748441696167
2,CASTVSSYNEQFF,YHGAIKLDD,0,1,0.785632312297821
2,CAVRDSRGGATNKLIF,NFDMLPCYSVARIPL,1,1,1.0
2,CSVEELGPGYTF,AIMDKNIIL,1,0,0.03719714656472206
2,CAISPTSGSIGYEQYF,TYHWLLLTI,0,0,3.350918632349931e-05
2,AVQDLGTSGSRLT,HPVAEADYFEY,1,1,0.9844257831573486
2,CAASRSTGGFKTIF,VDSITEVECFLTPAM,1,1,0.9997166991233826
2,CAIRQFDANTGELFF,LHMEFCSCC,1,1,1.0
2,AVMAHSGNRALV,SSVDEQIQW,1,1,0.9974543452262878
2,CAATGYSGAGSYQLTF,PFQQFGR,1,1,0.9997941851615906
2,CAASETSGSWQLIFG,ASNANMETM,1,0,0.000226743082748726
2,CASSPSGRGGNEQFF,YTDINGNLH,0,0,0.0025566245894879103
2,CASRRIPGNEQFF,SVFNICQAV,0,1,0.961404025554657
2,CATTFRGYEQYF,LSDRVVFVL,0,1,0.9971388578414917
2,CASSLVDSARSYEQYF,LTGHMLDMY,0,0,0.0009887890191748738
2,FLRGRAYGL,ILPLAGGTSYAKLT,0,1,0.6204814910888672
2,CAAVIGTSYGKLTF,KKFLPFQQFGR,1,1,1.0
2,TTDSWGKFEF,ILRKGGRTI,0,0,1.6203378550017078e-07
2,CASSLDGPSGSPHEQYF,FLCLFLLPS,0,0,0.026290690526366234
2,CAASRSTGGFKTIF,ADSITEVECFLTPEM,1,1,0.9993826150894165
2,CASSLRASISTDTQYF,LMCQPILLL,0,1,0.9968754053115845
2,CGLGDAGNMLT,GTSGSPIVAR,1,1,0.9489278793334961
2,CAVSLGSARQLTF,FIEDLLFNKVT,1,1,0.9998278617858887
2,CASSSQGEGEKLFF,STSAFVETV,0,0,7.839070894988254e-05
2,CASIEYPGENIQYF,YTACSHAAV,0,0,7.274410108948359e-06
2,CASSQVVDWISNTGELFF,RPDTRYVLM,0,0,0.058931224048137665
2,CASSLARIYTYNEQFF,LPSYAALAT,0,0,0.31199827790260315
2,CASTEDQSGNTQYF,VLNDILSRL,0,1,0.9866347312927246
2,FLRGRAYGL,ASSLGAAYEQY,0,0,0.011721869930624962
2,CASSRNPGTGTYNEQFF,KWPWYIWLG,0,1,0.8435536623001099
2,CAGAGGGGDTEAFF,FLTENLLLY,0,1,0.9999034404754639
2,CAVSSPQGGSEKLVF,GRVMLRAPK,1,1,0.999915599822998
2,CATDTTSGTYKYIF,FGVKIHFFKQRNSL,1,1,0.9999998807907104
2,CAASRSTGGFKTIF,VDSITEVEAFLTPEM,1,1,0.9982855916023254
2,CASSVAASGGGELFF,YQDVNCTEV,0,0,8.917662489693612e-05
2,CAGRLDTGRRALTF,NCTFEYVSQPF,1,1,0.9898505210876465
2,CASSPSGYQPQHF,YFLQSINFV,0,0,0.0018351086182519794
2,CAGPTGGSYIPTF,VHVSFVMAYPEMLAA,1,1,0.9999220371246338
2,ASSRANYEQY,SIIVFEKL,1,1,0.9999793767929077
2,CATDTTSGTYKYIF,DVSKVHFFKGNGQT,1,1,0.999988317489624
2,TTDSWGKFEF,AMAVMLLLL,0,0,6.405829481082037e-05
2,CATDTTSGTYKYIF,MHGNWHFFRNFLSN,1,1,0.9999997615814209
2,AAPAYQGGRALI,RGYVYDGL,1,1,0.9999986886978149
2,HPVGQADYFEY,AVQDLGTSGSRLT,0,1,0.998782217502594
2,CAASINSGNTPLVF,PALVAANRNQLLSLV,1,1,0.9999129772186279
2,CSAWAQGSGYEQYF,HLRMAGHSL,0,0,0.0011649455409497023
2,CAVSGGYQKVTFGIG,GSLAPEIRMYW,1,1,0.9987590312957764
2,CASSLEGTQGLGINEQFF,IPVAYRNVL,0,0,0.15259894728660583
2,CASSQASDSLYNEQFF,MLAKALRKV,0,0,0.4103797674179077
2,CAAHGGTRTLAKNIQYF,SLLVLVQST,0,1,0.9836163520812988
2,CALDSSASKIIF,YMDDVVLGA,1,1,0.7174577713012695
2,CAAKGAAGNKLTF,ADSITEVECFLTPEM,1,1,0.999881386756897
2,CAAKGGGNKLTF,VDSITEVECFLAPEM,1,1,0.9999879598617554
2,CASGLATGPRRDEQFF,KLGEFYNQM,1,1,0.8996342420578003
2,CASSFLGQGAAGELFF,RSDTRYVLM,0,0,0.014968576841056347
2,CAVSGGYQKVTFGIG,GTIRPEIREMW,1,1,1.0
2,AWSRTGGNSDYT,DEPLTSLTPRCNTAWNRLKL,1,1,0.9999998807907104
2,CASSDRTTDTQYF,MVTNNTFTL,0,0,8.061590961006004e-06
2,AMRGDYGGSGNKLI,IAFDFATI,1,1,0.9999899864196777
2,ASSRANYEQY,SIIQFEHL,1,1,1.0
2,CASSLGQGDGGYTF,SACVLAAEC,0,0,0.0001850156841101125
2,CASSLSVGRKTQYF,IPVAYRKVL,0,0,0.24340009689331055
2,ASNENMETM,NTGQLYF,1,0,0.26999396085739136
2,CASGGHPYEQYF,KDNVILLNK,0,1,0.6882141828536987
2,CASRTRLGRNEQFF,FLCWHTSCY,0,0,0.08741676062345505
2,HPVAEADYFEY,AVQDLGTSGSRLT,0,1,0.9980925917625427
2,CAVVTGANNLFF,LLQYGSFCTQL,1,1,0.9693644046783447
2,CASSIGFGQGVSTEAFF,TMCDIRQLL,0,1,0.9996204376220703
2,AAKDTGNYKYV,NEKYAQAYPNVSAKID,1,1,1.0
2,CAASGTSTLTF,VDSIAEVECFLTPEM,1,1,0.9946573376655579
2,CASSYFLPSGANVLTF,GLMWLSYFI,0,0,0.0016111680306494236
2,CAGSYQLTF,LMWLSYFIA,0,0,0.002646908164024353
2,CASSQVYNEQFF,VFLVLWPLV,0,0,0.00016854664136189967
2,CASSATGTGRTSAWYNEQFF,FLAFVVFLL,0,0,0.0006865416071377695
2,CASSRTRGETQYF,VPYFNMVYM,0,0,2.6679213988245465e-05
2,CASSVSGANYNEQFF,YTVELGTEV,0,0,5.8685304793471e-07
2,CALGSGNTGKLIF,EIRASANLAAT,1,1,0.9998587369918823
2,CAAKGAAGNKLTF,VDSITEVECFLTPEA,1,1,0.9999545812606812
2,CSATGLRTSYEQYF,TTLNDFNLV,0,0,0.0029271242674440145
2,CSADRLLAGGSTGELFF,NVILLNKHI,0,0,0.0013195398496463895
2,CASSRGQGGQPQHF,KQLIKVTLV,0,0,0.0025869281962513924
2,LLFGFPVYV,ASSYPGGGFYEQY,0,0,0.3049377501010895
2,CAIGTGLSYEQYF,STDVTIATY,0,1,0.5427371859550476
2,CAMSENSGAGSYQLTF,QNVLYENQKLIANQF,1,1,0.9999996423721313
2,CSARSPWLMENSPLHF,GIIAMSAFA,0,0,0.00025089047267101705
2,CSALGAVGAGIHYEQYF,PMDSTVKNY,0,0,0.007255139295011759
2,CASSIYGTSGSNEQFF,AVLDMCASL,0,0,4.839555549551733e-05
2,ASGGGRGSYAEQ,SFERFEIFPKE,1,1,0.9999997615814209
2,ASSRANYEQY,SIITFEKL,1,1,0.9999927282333374
2,CATDTTSGTYKYIF,YKHKIHFFKNEVLE,1,1,0.9999982118606567
2,CGTWEDQGAQKLVF,RKHFSMMILS,1,1,0.9969367980957031
2,CAVHTGFQKLVF,LPDDFMGCV,1,1,0.9970310926437378
2,CASSLDLRTFTYEQYF,KSALDLSHF,1,0,0.35487255454063416
2,AVSGFASALT,SVYRYYGL,1,1,0.9999998807907104
2,CASQAGVFTDTQYF,RFLYIIKLI,0,0,0.002272839890792966
2,CWNNGNDYKLSF,NPGSDNTVKR,1,1,0.9979445338249207
2,CAETSSPYSGGGADGLTF,QLCTQHQPY,1,0,0.12004153430461884
2,CAIKASASGPYEQYF,VAFNTLLFL,0,1,0.9570162296295166
2,FLRGRAYGL,ASSLGQGYEQY,0,1,0.5109513998031616
2,ASSRANYEQY,SGPSNTPPEI,1,1,1.0
2,CAASINSGNTPLVF,PPQIAANRSQLISLV,1,1,0.9996538162231445
2,CASRGYEQFF,MIELSLIDFY,1,0,0.0011353235458955169
2,CAWSPPGQGNTGELFF,YLQPRTFL,1,0,0.03608307987451553
2,CASSPGGTEAFF,NRDVDTDFVNEFY,1,0,0.00281917373649776
2,CASSILGQALTYNEQFF,FYLCFLAFL,1,0,0.002635279670357704
2,CASSLLLGYGYTF,FLAFLLFLV,1,0,0.0007599967648275197
2,CASSFRTNTGELFF,TVATSRTLSY,0,1,0.8774659633636475
2,CASSSPSGIQGAAYEQYF,AFPFTIYSL,1,0,6.005824980093166e-05
2,CASSGWTSGLINEQFF,MWSFNPETNI,1,0,2.8634742193389684e-05
2,CASSPAGQGPSYEQYF,LYIIKLIFL,1,0,0.03928187116980553
2,CASSALIWDRRDQPQHF,SIWNLDYII,0,0,0.04654175415635109
2,CASSLDNSPLQETQYF,RMNSRNYIA,0,0,0.00023921516549307853
2,CASSLGSFVETQYF,SMWSFNPET,1,1,0.9627379179000854
2,CASSFPRMNTEAFF,IAMACLVGLM,0,0,0.0006772868800908327
2,CASSYEASGTEAFF,SINFVRIIMR,1,0,0.011355866678059101
2,CATSVGMGETQYF,SVLYNSASF,0,0,0.012910411693155766
2,CASSPTGLAGIDEQFF,NATRFASVY,0,1,0.9963541030883789
2,CASSQEGYGRGYTF,FCNDPFLGVY,0,0,3.48001231031958e-05
2,CSAQPSGQALAKNIQYF,GVYDYLVST,0,0,0.18674008548259735
2,CATSRGTGETGELFF,VMCGGSLYV,0,0,0.01086389645934105
2,CATASGTEGPEKLEAFF,LPFNDGVYF,1,0,0.16202883422374725
2,CATSKGQGARNTEAFF,YDANYFLCW,0,1,0.7271034121513367
2,CASSQSGTGFYEQYF,ILLIIMRTFK,1,0,9.470707027503522e-07
2,CASSEGGLLSTGELFF,LGAENSVAY,0,0,0.3913641571998596
2,CASRQGQRPTDTQYF,RNPANNAAIV,0,0,0.0005297556053847075
2,CASSSDYRGRFGYTF,VFAQVKQIYK,0,0,0.05589909851551056
2,CASSGSGETQYF,IIKNLSKSL,0,1,0.9969701766967773
2,CASSFGASGNYEQYF,FLQSINFVR,1,0,0.0019850479438900948
2,CSALTGSTEAFF,ILLIIMRTFK,0,0,5.144751412444748e-06
2,CASSLAGQGGQSPQHF,AFLLFLVLI,1,0,7.895223461673595e-06
2,CASSPPDRGNYGYTF,INFVRIIMR,1,0,0.0073609077371656895
2,CASSQDPGNEQFF,TTLPKGFYA,0,0,2.506918235667399e-06
2,CASSWGQGLSYEQYF,FCNDPFLGVY,0,0,3.748671952052973e-05
2,CASSLWSKETQYF,LSPRWYFYY,1,0,0.003392731072381139
2,CASSDTTGPSGEQYF,AIPTNFTISV,0,0,0.005937772803008556
2,CAWTDGRKYF,LIVNSVLLFL,1,1,0.999984622001648
2,CASSSYKMGETQYF,PYRVVVLSF,0,0,0.054542116820812225
2,CSASTLDSTQPQHF,NVFAFPFTIY,1,0,1.3327025953913108e-06
2,CATSDLRQGTSTDTQYF,TLACFVLAAV,1,0,0.00010465878585819155
2,CASLPGQGNYNEQFF,FLCLFLLPSL,0,1,0.9695717692375183
2,CASSQIGVSYEQYF,FLYLYALVYF,0,0,0.0018227067776024342
2,CASSYSVLVSPLHF,AIPTNFTISV,0,0,0.005425905808806419
2,CASSLFTGYEQYF,MIELSLIDFY,1,0,0.001544077880680561
2,CASSQERAGSRETQYF,FYLCFLAFLL,1,0,0.006072561256587505
2,CASSQVVGSSYNEQFF,APAHISTI,1,0,0.0018398374086245894
2,CVFSNQPQHF,LTDEMIAQYT,1,1,0.839608907699585
2,CASSLGLAGGPGEQFF,FYLCFLAFLL,1,0,0.01776157133281231
2,CASGGYGYTF,INVFAFPFTI,1,1,0.9391577839851379
2,CASSFTGSGAFF,INVFAFPFTI,1,1,0.9525803327560425
2,CATSLGQTYNEQFF,LQSINFVRI,1,0,0.00019412132678553462
2,CASGLDSPGPIEIGSNQPQHF,ATSRTLSYY,0,0,0.003443777794018388
2,CSASTGAQETQYF,FYLCFLAFLL,1,0,0.008729830384254456
2,CASTTGGDQPQHF,QELYSPIFL,1,0,0.0066156405955553055
2,CSARTKAGSYEQYF,VYADSFVIR,1,0,0.0007163166301324964
2,CSVEAGTGDPYEQYF,ASKIITLKK,0,0,7.511084163525084e-07
