fold,antigen,TCR,label_true,label_prob,label_pred
4,ADSITEVECFLTPEM,CAAKGAAGNKLTF,1,0.9861912727355957,1
4,ADSITEVECFLTPEM,CAASRSTGGFKTIF,1,0.9749677777290344,1
4,AIILASFSA,CATDAITDSWGKLQF,1,0.7267358303070068,1
4,AIILASFSA,TTDSWGKFEF,0,0.006206193007528782,0
4,AIMDKNIIL,CAARGRDDKIIF,1,0.9969442486763,1
4,AIMDKNIIL,CSVEELGPGYTF,1,0.05679623782634735,0
4,ALALLLLDR,CASSSETGWGTEAFF,0,0.011274909600615501,0
4,ALLAVFQSA,CASGGGQGGNNEQFF,0,0.004726769402623177,0
4,ALVYFLQSI,CASSPTRGLEIEKLFF,0,0.05374915152788162,0
4,AMAVMLLLL,TTDSWGKFEF,0,0.04087779298424721,0
4,AMSARSGNTPLV,IHSLLDEGKQSLTKL,0,0.31549397110939026,0
4,APLLSAGVF,CASSLSVSSYNEQFF,0,0.00579648045822978,0
4,ASGGGRGSYAEQ,FERFEIFPK,0,0.09455344080924988,0
4,ASGGGRGSYAEQF,FERFEIFPK,0,0.07439109683036804,0
4,ASSARSGELF,HPVGQADYFEY,0,0.147458016872406,0
4,ASSARSGELF,HPVGDADYFEY,0,0.148294135928154,0
4,AVQDLGTSGSRLT,HPVGEADYFEY,0,0.5631966590881348,1
4,AVQDLGTSGSRLT,HPVGDADYFEY,0,0.5972131490707397,1
4,DEPLTSLTPRCNTAWNRLKL,AAETTASLGKLQ,1,0.975354790687561,1
4,DEPLTSLTPRCNTAWNRLKL,AWSRTGGNSDYT,1,0.9540351629257202,1
4,DQVILLNKH,CASSQERLSLSPLHF,0,0.0076753986068069935,0
4,ELGKYEQYIKWPWYIWLGFIAGLIAIVMVTIMLCCMTSCCSCL,CASSEALAGASSETQYF,1,0.6150492429733276,1
4,ELYSPIFLI,CASSDFPRDPSATQYF,0,0.014095784164965153,0
4,ESEERPPTPY,CVVTGYSSASKIIF,1,0.9404988288879395,1
4,FAMQMAYRF,CAFCGGTSYGKLTF,1,0.9646638631820679,1
4,FDVMVMPNL,CAYNQGGKLIF,1,0.9967635869979858,1
4,FDVMVMPNL,CAFRVSHDMRF,1,0.8762575387954712,1
4,FITESKPSV,CASSQVGDEQFF,0,0.003919968381524086,0
4,FKDNVILLN,CASRLYTKSTDTQYF,0,0.04853387549519539,0
4,FLCLFLLPS,CASSWTEGTETQYF,0,0.0217745341360569,0
4,FLCWHTNCY,CASSLELGQGRETQYF,0,0.0145668750628829,0
4,FLCWHTNCY,CSASTGDGTSGRWGETQYF,0,0.017533427104353905,0
4,FLLPSLATV,CASSFSGLYNEQFF,0,0.0009726329590193927,0
4,FLTENLLLY,CAGAGGGGDTEAFF,0,0.9369587898254395,1
4,FLTENLLLY,CASSTMGQGISPLHF,0,0.017593029886484146,0
4,FLVLLPLVS,CASSVEEPGTVYEQYF,0,0.009013763628900051,0
4,FVCDNIKFA,CASSPQRGPYEQYF,0,0.009344172663986683,0
4,FYLCFLAFLL,CSASTGAQETQYF,1,0.21539419889450073,0
4,GAGNHAAGILTL,CAASDTGTASKLTF,1,0.8431535363197327,1
4,GAVECCPNC,CAYNQGGKLIF,1,0.9706546068191528,1
4,GIIAMSAFA,CATSELSGETQYF,0,0.02790171094238758,0
4,GLALYYPSA,CASSEQGVVDTQYF,0,0.0071252393536269665,0
4,GLFKDCSKV,CASSLWGAGSTDTQYF,0,0.0043116058222949505,0
4,GLIAIVMVT,CASRPTGGHNEQFF,0,0.06248949468135834,0
4,GLIAIVMVT,CASNSLDREDGNTIYF,0,0.08662742376327515,0
4,GLMWLSYFI,CASSYFLPSGANVLTF,0,0.026620209217071533,0
4,GLMWLSYFI,CASSPPHPTGPTDTQYF,0,0.008702383376657963,0
4,GLPWNVVRI,CASSLGTGGQFF,0,0.12517425417900085,0
4,GTDLEGNFY,CASSESGAELFF,0,0.04142811894416809,0
4,GTSGAPIVNR,CGLGDAGNMLT,1,0.5317203402519226,1
4,GTSGSPIVAR,CGLGDAGNMLT,1,0.6943745017051697,1
4,GVYDYLVST,CASSAPADVSYEQYF,0,0.020617082715034485,0
4,GVYDYLVST,CSAQPSGQALAKNIQYF,0,0.02428598143160343,0
4,HLLLVAAGL,CAVSATDSWGKLQF,1,0.9396781325340271,1
4,HLLLVAAGL,CASSEDTAGNTIYF,0,0.011229387484490871,0
4,HLMSFPQSA,CASSQDMRAGGPNEQFF,0,0.023807452991604805,0
4,HLMSFPQSA,CASSSGQGFFYEQYF,0,0.008095292374491692,0
4,HPVAEADYFEY,AVQDLGTSGSRLT,1,0.7484915852546692,1
4,HTMLCMCCK,CVVNERYSTLTF,1,0.5226396918296814,1
4,IASNENMETMESSTLE,SLYFCASSGGSNTGQLYFGEGSKLTVL,1,0.6940904259681702,1
4,ILAYCNKTV,CASRARDSQIGDTGELFF,0,0.0013490268029272556,0
4,ILFTRFFYV,CATNPAGGPYNEQFF,0,0.474080353975296,0
4,ILFTRFFYV,CASSPGTGEQYF,0,0.014505207538604736,0
4,ILRKGGRTI,CVVSDPDSWGKLQF,1,0.5362094640731812,1
4,ILRKGGRTI,CASSLEAGGTEAFF,0,0.011661393567919731,0
4,ILTSLLVLV,CASSYRLGNEQFF,0,0.011158294975757599,0
4,IMIEFCPGG,CVVATYSGGGADGLTF,1,0.8574559092521667,1
4,IMIEFCPGG,CVVTEYSGGGADGLTF,1,0.749980628490448,1
4,IPVAYRKVL,CASSGGYEKLFF,0,0.0784076526761055,0
4,IPVAYRKVL,CASSWRLASYNEQFF,0,0.01518330816179514,0
4,IPVAYRNVL,CASSLEGTQGLGINEQFF,0,0.030080212280154228,0
4,IVCPICSQK,CAALDSGSARQLTF,1,0.8339020013809204,1
4,KDNVILLNK,CASGGHPYEQYF,0,0.006842814851552248,0
4,KDPQFKDNV,CASSPTANEKLFF,0,0.03868066892027855,0
4,KIILFLALI,CASSQVAAGDNSYEQYF,0,0.1521407663822174,0
4,KITEHSWNA,CASSLGGHGNEQFF,0,0.0031140935607254505,0
4,KKFLPFQQFGR,CAMSEGWVRAGKSTF,1,0.9769658446311951,1
4,KKFLPFQQFGR,CAAVIGTSYGKLTF,1,0.9919426441192627,1
4,KLDGFMGRI,CASSIGDQETQYF,0,0.005478625185787678,0
4,KLGEFYNQM,CAVRSDGSQGNLIF,1,0.5368335247039795,1
4,KLNIKLLGV,CSASGTGSYEQYF,0,0.004191950429230928,0
4,KLPDDFMGC,CASSRGQPDEAFF,0,0.0060960594564676285,0
4,KLTPLCVTL,DGTGS,1,0.12356904149055481,0
4,KLTPLCVTL,DGAAS,1,0.5581057667732239,1
4,KLVANNTRL,DGTGS,1,0.06579653173685074,0
4,KLVANNTRL,DGAAS,1,0.5685796141624451,1
4,KQLPFFYYS,CASSIQNTGELFF,0,0.11382223665714264,0
4,KQLSSNFGA,CASSRGGGSYNEQFF,0,0.005174071993678808,0
4,KSALDLSHF,CASSLDLRTFTYEQYF,1,0.014740880578756332,0
4,KTVGIYPNA,CVVATYSGGGADGLTF,1,0.6945738792419434,1
4,KTVGIYPNA,CAFRVSHDMRF,1,0.18542735278606415,0
4,KVCEFQFCNDPFLGVYYHK,ASSLERGRAEAF,1,0.9890897870063782,1
4,LGSDNRLTR,CWNNGNDYKLSF,1,0.46970057487487793,0
4,LHGAGNHAAGILTL,CAVQARSWGKLQF,1,0.9918118715286255,1
4,LHMEFCSCC,CAYNQGGKLIF,1,0.9989160299301147,1
4,LIIMRTFKV,CAISGTGGSGANVLTF,0,0.5077148079872131,1
4,LIIMRTFKV,CASSSGQGENEQFF,0,0.007753647398203611,0
4,LITGRLQSL,CASSFSPVYGYTF,0,0.03178825601935387,0
4,LIVAAIVFI,CAVSTDYNQGGKLIF,1,0.7581827044487,1
4,LLLGIGILVL,CAVNQFYF,1,0.3514404594898224,0
4,LLLGIGILVL,CAGNNARLMF,1,0.8628044724464417,1
4,LLNKHIDAY,CASSPYPRTGGTDTQYF,0,0.012808738276362419,0
4,LLNKHIDAY,CASSLTGVYVPQHF,0,0.025668352842330933,0
4,LLQYGSF,CAASVYGNNRLAF,1,0.676194429397583,1
4,LLQYGSF,CAASKGTSGTYKYIF,1,0.26407861709594727,0
4,LMCQPILLL,CASSLRASISTDTQYF,0,0.03414615988731384,0
4,LMCQPILLL,CAISESVGQGQETQYF,0,0.01643206924200058,0
4,LMWLSYFIA,CAGSYQLTF,0,0.0489739328622818,0
4,LMWLSYFIA,CVTGAGSYQLTF,1,0.890019953250885,1
4,LPDDFMGCV,CASSFRPPDTDRTNTGELFF,0,0.021396774798631668,0
4,LPFDKATIM,CASSPTGGQETQYF,0,0.013636462390422821,0
4,LPFDKATIM,CAVDTGGGKTIF,0,0.9750583171844482,1
4,LPFDKSTIM,CAVDTGGGKTIF,0,0.9890682101249695,1
4,LPFDKSTIM,CAVEGYSNYQLIW,1,0.9953568577766418,1
4,LPFDKSTVM,CSAGGQGIHQETQYF,0,0.01153058372437954,0
4,LPFDKSTVM,CSAGPTSGRTDTQYF,0,0.019644392654299736,0
4,LPFERATIM,CSAGPTSGRTDTQYF,0,0.027273625135421753,0
4,LPFERATIM,CAVEGYSNYQLIW,1,0.993867814540863,1
4,LPKEITVAT,CSARDPGRLDTGYEQYF,0,0.02205205149948597,0
4,LPKGIMMNV,CASSFGLALGDEQFF,0,0.020520536229014397,0
4,LPSYAALAT,CASSLRWTMAAPSTDTQYF,0,0.019598182290792465,0
4,LPSYAALAT,CASSPVWRAGPVEQYF,0,0.012209247797727585,0
4,LQASGNHAAGILTM,CAASDTGTASKLTF,1,0.9830939769744873,1
4,LSFKELLVY,CASSIGDGILLTDTQYF,0,0.02024632878601551,0
4,LSPRWYFYY,CAPDSWGKLQF,1,0.9821166396141052,1
4,LSPRWYFYY,CASSLWSKETQYF,1,0.7269010543823242,1
4,LSRLDKVEAEVQIDRLITGR,CASSYTAGRVYEQYF,1,0.7845262289047241,1
4,LTDEQRAAALEKAAA,CAVTSNDYKLSF,1,0.9380121827125549,1
4,LTNDNTSRY,CASKGLANNEQFF,0,0.010142060928046703,0
4,LVKNKCVNFNF,CAGDWTGNQFYF,1,0.9175330996513367,1
4,MGRDIKVQFQSGGAN,CVVSAITNDYKLSF,1,0.9997392296791077,1
4,MGRDIKVQFQSGGAN,CASQSNTGNQFYF,1,0.9985558390617371,1
4,MLNPNYEDL,CASSHKTGTLSYEQYF,0,0.017759473994374275,0
4,MMILSDDAV,CASSQEIGVYGYTF,0,0.008138815872371197,0
4,MMILSDDAV,CASSYLAGGPTDTQYF,0,0.01572268456220627,0
4,MPLSAPTLL,CASSLGAGVPNEQFF,0,0.03764795511960983,0
4,MQVESDDYI,CASINSPGGEDTGELFF,0,0.016409657895565033,0
4,MQVESDDYI,CSASRGTYEQYF,0,0.01066543348133564,0
4,MSAFAMMFV,CASSYVSSGLTGELFF,0,0.008530079387128353,0
4,MVTNNTFTL,CASSRTGGRFDTQYF,0,0.0037830593064427376,0
4,MVTNNTFTL,CASSLLAVDNEQFF,0,0.005695940926671028,0
4,NKRSEANPANPPSFA,TYFCAASNTGGLS,1,0.8689942359924316,1
4,NLIDSYFVV,CAISEEVSGGVGANEQFF,0,0.008851094171404839,0
4,NLIDSYFVV,CASSPLVPASSYNEQFF,0,0.010656713508069515,0
4,NNILIATCV,CAYNQGGKLIF,1,0.9646352529525757,1
4,NPTIQKNVL,CASSQEQRSYNEQFF,0,0.005185010377317667,0
4,NSVTSSIVITSGDGTTSPISEHDYQIGGYTEKWESGVK,CARGLQFF,1,0.9679610729217529,1
4,NSVTSSIVITSGDGTTSPISEHDYQIGGYTEKWESGVK,CASSSSGGLSSYEQYF,1,0.729705810546875,1
4,NTFSSTFNV,CASSESRDYNYGYTF,0,0.002836419502273202,0
4,NTLQCIMLV,CASSFGGRSTDTQYF,0,0.0083651477470994,0
4,NTLQCIMLV,CASSQDGGGNPGVYF,0,0.011160431429743767,0
4,PQFKDNVIL,CALRGMTTDSWGKLQF,1,0.9989748001098633,1
4,PSMGRDIKVQFQSGG,CAVTIGATQGGSEKLVF,1,0.9097879528999329,1
4,PSMGRDIKVQFQSGG,CAVQPGAGGFKTIF,1,0.9380092024803162,1
4,PSPSMGRDIKVQFQS,CAVQPGAGGFKTIF,1,0.4956708252429962,0
4,PSPSMGRDIKVQFQS,CVVSAITNDYKLSF,1,0.2994394898414612,0
4,QASGNHAAGILTM,CAASDTGTASKLTF,1,0.9969658255577087,1
4,QPYRVVVLSFELLHAPATVC,CASSSSGTGRPDTQYF,1,0.9129370450973511,1
4,QSRGDENRGW,CAPPRVNSGGSNYKLTF,1,0.3672991991043091,0
4,QSRGDENRGW,CAAPNTGFQKLVF,1,0.9176242351531982,1
4,QVPSASMGRDIKVQF,CASQSNTGNQFYF,1,0.1803220808506012,0
4,QVPSASMGRDIKVQF,CVVSAITNDYKLSF,1,0.5565766096115112,1
4,RAMPNMLRI,CASSLDNQPQHF,0,0.005431268829852343,0
4,RCMLQCPSV,CVVTEYSGGGADGLTF,1,0.8683473467826843,1
4,RIMTWLDMV,CASSQDLLAGDSYEQYF,0,0.010782476514577866,0
4,RIMTWLDMV,CASSSGTGVDYEQYF,0,0.009725039824843407,0
4,RLANECAQV,CASSSFGDSSYEQYF,0,0.001805343315936625,0
4,RLANECAQV,CASSVGRVSTDTQYF,0,0.010374215431511402,0
4,RLQSLQIYV,CALSSNDYKLSF,1,0.728645384311676,1
4,RSGPPGLQGRLQRLLQASGNHAAGILTM,CAVVHNAGNMLTF,1,0.7044421434402466,1
4,RTIKVFTTV,CASSQGWDEQFF,0,0.0032883405219763517,0
4,RYSIFFDYM,CATDERNNNARLMF,1,0.5569640398025513,1
4,SLIDLQELGKYEQYIKW,CASSSHDRTGRRSPLHF,1,0.2850872576236725,0
4,SLIDLQELGKYEQYIKW,CASSSHDFQGARAEQYF,1,0.314529687166214,0
4,SLLSVLLSM,CASSYSKLAGGFEQFF,0,0.0334172360599041,0
4,SLPGVFCGV,CASSYSQGGSYGYTF,0,0.002443768084049225,0
4,SLRDAKETQY,IQGNVTSIHSLLDEG,0,0.6069333553314209,1
4,SMQNCVLKL,CASSLTQGARNTIYF,0,0.11082429438829422,0
4,SMQNCVLKL,CASSLDRDYNQPQHF,0,0.009318619035184383,0
4,SPLPSYAAF,TTDSWGKFEF,0,0.018110165372490883,0
4,SPYNSQNAV,CASSPGGPGVGELFF,0,0.05298241972923279,0
4,SPYNSQNAV,CASSYLTGADGYTF,0,0.05485768988728523,0
4,SRYWAIRTR,FSGGSNFKL,1,0.9932814836502075,1
4,SRYWAIRTR,FSGGANYKL,1,0.9890744090080261,1
4,SVFNICQAV,CASSQDRAGWIDEQFF,0,0.013419046998023987,0
4,SVYGDTLEK,CALDNQGGKLIF,1,0.9055923819541931,1
4,SVYGDTLEK,CAATPPEGGNQFYF,1,0.621620774269104,1
4,TFTYASALW,CAMSAWTTDSWGKLQF,1,0.9571812152862549,1
4,TFTYASALW,CASSYLGQMDEKLFF,0,0.013679821975529194,0
4,TILTSLLVL,CASSLAGQENQPQHF,0,0.009221290238201618,0
4,TLIVNSVLL,CASSYSRGISPYGYTF,0,0.012293587438762188,0
4,TLNDFNLVA,CASSTNRDGGSYEQYF,0,0.005375452805310488,0
4,TMADLVYAL,CATVLPTQGGSEKLVF,1,0.7413500547409058,1
4,TPAFDKSAF,CASRWTENTEAFF,0,0.053308211266994476,0
4,TQWSLFFFL,CASTTGDSSNQPQHF,0,0.02293320558965206,0
4,TSTLAEQMAW,CASSPRQAGLVTQYF,1,0.07007083296775818,0
4,TVAYFNMVY,CASSFSGGDTEAFF,0,0.012725182808935642,0
4,TVAYFNMVY,CASSEGQGESGANVLTF,0,0.01592501811683178,0
4,TVSCLPFTI,TTDSWGKFEF,0,0.0009039185824804008,0
4,TVSCLPFTI,CVVNEGMTTDSWGKLQF,1,0.18598853051662445,0
4,TYGPVFMCL,CGLLMIKAAGNKLTF,1,0.9906613230705261,1
4,TYHWLLLTI,CAISPTSGSIGYEQYF,0,0.013493310660123825,0
4,VASITEVECFLTPEM,CAASGTSTLTF,1,0.9944562315940857,1
4,VASITEVECFLTPEM,CAASRSTGGFKTIF,1,0.9875791668891907,1
4,VDAITEVECFLTPEM,CAASGTSTLTF,1,0.998986542224884,1
4,VDSATEVECFLTPEM,CAASRSTGGFKTIF,1,0.9902432560920715,1
4,VDSIAEVECFLTPEM,CAAKGAAGNKLTF,1,0.9779941439628601,1
4,VDSITEAECFLTPEM,CAAKGAAGNKLTF,1,0.991236686706543,1
4,VDSITEAECFLTPEM,CAASRSTGGFKTIF,1,0.9844164252281189,1
4,VDSITEVEAFLTPEM,CAAKGAAGNKLTF,1,0.9845724105834961,1
4,VDSITEVEAFLTPEM,CAAKGGGNKLTF,1,0.9828445911407471,1
4,VDSITEVECALTPEM,CAASGTSTLTF,1,0.9982680082321167,1
4,VDSITEVECALTPEM,CAAKGGGNKLTF,1,0.9983976483345032,1
4,VDSITEVECFLAPEM,CAAKGAAGNKLTF,1,0.9978723526000977,1
4,VDSITEVECFLAPEM,CAASRSTGGFKTIF,1,0.9967296123504639,1
4,VDSITEVECFLTAEM,CAAKGGGNKLTF,1,0.997011661529541,1
4,VDSITEVECFLTAEM,CAASRSTGGFKTIF,1,0.9957262277603149,1
4,VDSITEVECFLTPAM,CAASGTSTLTF,1,0.9950442314147949,1
4,VDSITEVECFLTPEA,CAAKGAAGNKLTF,1,0.9966992735862732,1
4,VDSITEVECFLTPEA,CAASGTSTLTF,1,0.9950442314147949,1
4,VDSITEVECFLTPEM,CAAKGAAGNKLTF,1,0.9966992735862732,1
4,VDSITEVECFLTPEM,CAASRSTGGFKTIF,1,0.9943554401397705,1
4,VFLVLWPLV,CAELDSWGKLQF,1,0.418310284614563,0
4,VLGSLAATV,CASSLGGGADTQYF,0,0.0013253050856292248,0
4,VLGSLAATV,TTDSWGKFEF,0,0.0022404873743653297,0
4,VLSTFISAA,CASSVSQKLFF,0,0.5283229947090149,1
4,VLSTFISAA,CASSQEGAKGDTQYF,0,0.007998703047633171,0
4,VMYASAVVL,CASSQVAGDEAKNIQYF,0,0.011851177550852299,0
4,VPHHVVATV,CASSLLGEDVEQFF,0,0.003068000078201294,0
4,VPHHVVATV,CAEIIYNFNKFYF,1,0.7083544135093689,1
4,VPSPSMGRDIKVQFQ,CAVTIGATQGGSEKLVF,1,0.9115388989448547,1
4,VPSPSMGRDIKVQFQ,CAVQPGAGGFKTIF,1,0.9645488262176514,1
4,VPYFNMVYM,CASSRTRGETQYF,0,0.025867028161883354,0
4,VPYFNMVYM,CASSRYRDPPDHEQYF,0,0.015951957553625107,0
4,VTNNTFTLK,CAPLGGRRGFKTIF,1,0.9653192758560181,1
4,VTNNTFTLK,CAAFGNKLVF,1,0.9633028507232666,1
4,WLPTGTLLV,CASSQDSSETQYF,0,0.016493814066052437,0
4,WMVMFTPLV,CASSLPTRQNLASYEYGYTF,0,0.027958642691373825,0
4,YANRNRFLY,CASSPLRENTEAFF,0,0.03418712690472603,0
4,YFLQSINFV,CATATDSWGKLQF,1,0.99356609582901,1
4,YFLQSINFV,TTDSWGKFEF,0,0.008127602748572826,0
4,YGFQPTNGV,CAFMKRGYYALNF,1,0.9102697372436523,1
4,YNYLYRLFRKS,CAVSAAVNTGFQKLVF,1,0.9906703233718872,1
4,YNYLYRLFRKS,CILRDGANNNARLMF,1,0.9888261556625366,1
4,YQDVNCTEV,CASSVAASGGGELFF,0,0.02235170640051365,0
4,YQDVNCTEV,CASSEGGTYEQYF,0,0.003135551232844591,0
4,YTACSHAAV,CASSQPTGLDTEAFF,0,0.0035628308542072773,0
4,YTDIATSAC,CASSQSGGRYEQYF,0,0.0021384095307439566,0
4,YTNSFTRGV,CATSSRGQSNVGYTF,0,0.0021558068692684174,0
4,YTVELGTEV,CVVSTLTTDSWGKLQF,1,0.9261722564697266,1
4,YVVDDPCPI,CASSQSGLADSDTQYF,0,0.006381435785442591,0
